sequence,cross_tier,steered_ra_eff,steered_correct,was_steered,cold_ra_eff,cold_correct,cold_n_contacts,cold_n_pia_specific,cold_touches_pia_specific,cold_frac_pik_only,cold_frac_shared,cold_frac_pia_only,cold_frac_pia_specific,steered_n_contacts,steered_n_pia_specific,steered_touches_pia_specific,steered_frac_pik_only,steered_frac_shared,steered_frac_pia_only,steered_frac_pia_specific
design_52_seq_1,A,1.883,True,False,1.388,True,24,0,False,0.7,0.6666666666666666,0.2727272727272727,0.0,23,0,False,0.7,0.6666666666666666,0.2727272727272727,0.0
design_39_seq_0,A,1.703,True,False,1.658,True,18,0,False,0.55,0.3333333333333333,0.18181818181818182,0.0,18,0,False,0.55,0.3333333333333333,0.18181818181818182,0.0
design_29_seq_1,A,2.702,True,True,28.102,False,19,3,True,0.25,1.0,0.45454545454545453,0.375,20,0,False,0.65,0.3333333333333333,0.18181818181818182,0.0
design_17_seq_0,A,2.046,True,False,2.043,True,22,0,False,0.6,0.3333333333333333,0.18181818181818182,0.0,22,0,False,0.6,0.3333333333333333,0.18181818181818182,0.0
design_42_seq_0,A,2.264,True,False,2.186,True,16,0,False,0.45,0.0,0.18181818181818182,0.0,18,0,False,0.55,0.0,0.18181818181818182,0.0
design_47_seq_0,A,2.137,True,False,2.074,True,22,0,False,0.6,0.6666666666666666,0.18181818181818182,0.0,22,0,False,0.6,0.6666666666666666,0.18181818181818182,0.0
design_51_seq_1,A,1.836,True,False,1.257,True,23,0,False,0.65,0.6666666666666666,0.18181818181818182,0.0,22,0,False,0.6,0.6666666666666666,0.18181818181818182,0.0
design_40_seq_1,A,2.988,True,False,2.988,True,18,0,False,0.55,0.3333333333333333,0.18181818181818182,0.0,18,0,False,0.55,0.3333333333333333,0.18181818181818182,0.0
design_39_seq_1,A,2.897,True,True,28.857,False,18,1,True,0.4,1.0,0.2727272727272727,0.125,23,1,True,0.6,0.3333333333333333,0.36363636363636365,0.125
design_26_seq_1,A,3.077,True,True,17.636,False,13,3,True,0.2,1.0,0.45454545454545453,0.375,16,0,False,0.55,0.6666666666666666,0.18181818181818182,0.0
design_59_seq_1,A,2.336,True,False,2.336,True,21,0,False,0.6,0.3333333333333333,0.18181818181818182,0.0,21,0,False,0.6,0.6666666666666666,0.18181818181818182,0.0
design_49_seq_1,A,3.527,True,False,3.691,True,23,0,False,0.65,0.3333333333333333,0.18181818181818182,0.0,24,0,False,0.65,0.6666666666666666,0.18181818181818182,0.0
design_11_seq_0,A,2.647,True,True,34.304,False,10,1,True,0.05,0.0,0.09090909090909091,0.125,23,0,False,0.6,0.6666666666666666,0.2727272727272727,0.0
design_15_seq_1,A,3.191,True,False,3.191,True,19,0,False,0.6,0.3333333333333333,0.18181818181818182,0.0,19,0,False,0.6,0.3333333333333333,0.18181818181818182,0.0
design_47_seq_1,A,2.623,True,False,2.499,True,23,0,False,0.65,0.6666666666666666,0.18181818181818182,0.0,23,0,False,0.65,0.6666666666666666,0.18181818181818182,0.0
design_51_seq_0,A,2.384,True,False,1.954,True,26,0,False,0.7,0.6666666666666666,0.18181818181818182,0.0,23,0,False,0.6,0.6666666666666666,0.18181818181818182,0.0
design_6_seq_0,A,2.61,True,False,2.11,True,19,0,False,0.6,0.3333333333333333,0.18181818181818182,0.0,19,0,False,0.55,0.6666666666666666,0.18181818181818182,0.0
design_18_seq_0,A,3.161,True,True,31.513,False,25,2,True,0.1,1.0,0.45454545454545453,0.25,19,0,False,0.45,0.6666666666666666,0.2727272727272727,0.0
design_49_seq_0,A,3.309,True,False,3.647,True,18,0,False,0.55,0.3333333333333333,0.18181818181818182,0.0,18,0,False,0.55,0.3333333333333333,0.18181818181818182,0.0
design_40_seq_0,A,3.243,True,False,3.611,True,20,0,False,0.6,0.3333333333333333,0.18181818181818182,0.0,20,0,False,0.6,0.3333333333333333,0.18181818181818182,0.0
design_29_seq_0,A,3.673,True,False,1.875,True,24,0,False,0.65,0.6666666666666666,0.18181818181818182,0.0,23,1,True,0.6,0.6666666666666666,0.2727272727272727,0.125
design_6_seq_1,A,3.853,True,False,3.827,True,23,2,True,0.65,0.6666666666666666,0.36363636363636365,0.25,23,2,True,0.65,0.6666666666666666,0.36363636363636365,0.25
design_34_seq_0,A,2.691,True,True,29.073,False,19,1,True,0.45,1.0,0.2727272727272727,0.125,21,0,False,0.7,0.3333333333333333,0.18181818181818182,0.0
design_2_seq_0,A,4.495,True,False,3.858,True,23,0,False,0.6,0.6666666666666666,0.18181818181818182,0.0,23,0,False,0.6,0.6666666666666666,0.18181818181818182,0.0
design_5_seq_0,A,3.299,True,False,3.299,True,22,0,False,0.7,0.6666666666666666,0.09090909090909091,0.0,22,0,False,0.65,0.6666666666666666,0.18181818181818182,0.0
design_14_seq_0,B,2.935,True,True,28.547,False,18,1,True,0.4,1.0,0.2727272727272727,0.125,18,0,False,0.5,0.6666666666666666,0.18181818181818182,0.0
design_27_seq_1,B,2.147,True,True,29.607,False,17,2,True,0.25,1.0,0.45454545454545453,0.25,18,0,False,0.5,0.3333333333333333,0.2727272727272727,0.0
design_35_seq_0,B,3.758,True,False,3.758,True,22,0,False,0.65,0.3333333333333333,0.2727272727272727,0.0,22,0,False,0.65,0.3333333333333333,0.2727272727272727,0.0
design_5_seq_1,B,2.376,True,False,5.892,True,27,4,True,0.65,1.0,0.5454545454545454,0.5,21,0,False,0.6,0.6666666666666666,0.18181818181818182,0.0
design_42_seq_1,B,3.364,True,True,31.931,False,15,2,True,0.05,0.6666666666666666,0.36363636363636365,0.25,15,0,False,0.55,0.3333333333333333,0.0,0.0
design_11_seq_1,B,4.092,True,True,26.654,False,17,3,True,0.25,0.3333333333333333,0.45454545454545453,0.375,19,0,False,0.5,0.6666666666666666,0.18181818181818182,0.0
design_31_seq_1,C,4.184,True,True,29.512,False,18,2,True,0.3,1.0,0.36363636363636365,0.25,20,1,True,0.55,0.3333333333333333,0.09090909090909091,0.125
design_37_seq_1,C,5.401,False,False,5.681,False,17,0,False,0.5,0.0,0.18181818181818182,0.0,20,0,False,0.6,0.0,0.18181818181818182,0.0
design_43_seq_1,C,1.984,True,True,2.965,False,22,0,False,0.65,0.3333333333333333,0.18181818181818182,0.0,24,0,False,0.6,0.6666666666666666,0.18181818181818182,0.0
design_31_seq_0,C,4.743,True,True,27.702,False,21,3,True,0.15,1.0,0.45454545454545453,0.375,17,0,False,0.45,0.3333333333333333,0.2727272727272727,0.0
design_8_seq_0,C,3.871,True,True,27.935,False,23,1,True,0.5,1.0,0.2727272727272727,0.125,19,0,False,0.55,0.3333333333333333,0.09090909090909091,0.0
design_38_seq_0,C,4.259,True,True,6.233,False,29,0,False,0.65,0.6666666666666666,0.0,0.0,30,0,False,0.75,0.6666666666666666,0.09090909090909091,0.0
design_21_seq_1,C,4.092,True,True,27.647,False,20,4,True,0.2,0.6666666666666666,0.5454545454545454,0.5,13,0,False,0.15,0.6666666666666666,0.18181818181818182,0.0
design_0_seq_0,none,22.49,False,True,28.036,False,18,1,True,0.25,0.3333333333333333,0.36363636363636365,0.125,14,0,False,0.45,0.3333333333333333,0.18181818181818182,0.0
design_0_seq_1,none,5.772,False,True,27.402,False,22,2,True,0.5,0.6666666666666666,0.36363636363636365,0.25,17,1,True,0.5,0.6666666666666666,0.2727272727272727,0.125
design_10_seq_0,none,26.026,False,True,28.913,False,21,2,True,0.45,1.0,0.36363636363636365,0.25,18,0,False,0.5,0.6666666666666666,0.09090909090909091,0.0
design_10_seq_1,none,20.512,False,True,27.453,False,24,3,True,0.45,1.0,0.45454545454545453,0.375,15,0,False,0.45,0.6666666666666666,0.0,0.0
design_12_seq_0,none,17.981,False,True,30.028,False,16,4,True,0.15,0.3333333333333333,0.5454545454545454,0.5,12,0,False,0.5,0.0,0.0,0.0
design_12_seq_1,none,29.604,False,True,36.106,False,20,3,True,0.05,1.0,0.36363636363636365,0.375,16,5,True,0.1,0.0,0.45454545454545453,0.625
design_13_seq_0,none,29.919,False,True,5.63,False,20,0,False,0.5,0.3333333333333333,0.18181818181818182,0.0,23,3,True,0.45,1.0,0.45454545454545453,0.375
design_13_seq_1,none,12.696,False,True,31.25,False,17,2,True,0.25,1.0,0.36363636363636365,0.25,22,1,True,0.5,0.3333333333333333,0.2727272727272727,0.125
design_14_seq_1,none,29.417,False,True,28.076,False,18,3,True,0.3,0.6666666666666666,0.45454545454545453,0.375,21,3,True,0.35,0.6666666666666666,0.45454545454545453,0.375
design_15_seq_0,none,9.07,False,True,10.205,False,24,0,False,0.65,0.0,0.18181818181818182,0.0,24,0,False,0.6,0.3333333333333333,0.09090909090909091,0.0
design_16_seq_0,none,23.098,False,True,25.88,False,26,2,True,0.6,0.6666666666666666,0.36363636363636365,0.25,6,0,False,0.1,0.0,0.0,0.0
design_16_seq_1,none,28.275,False,True,28.574,False,21,1,True,0.5,1.0,0.2727272727272727,0.125,20,0,False,0.6,0.0,0.18181818181818182,0.0
design_17_seq_1,none,26.512,False,True,2.004,False,22,0,False,0.6,0.6666666666666666,0.18181818181818182,0.0,27,0,False,0.6,0.6666666666666666,0.18181818181818182,0.0
design_18_seq_1,none,30.062,False,True,29.761,False,20,2,True,0.35,1.0,0.36363636363636365,0.25,24,2,True,0.45,1.0,0.36363636363636365,0.25
design_19_seq_0,none,13.958,False,True,30.163,False,20,2,True,0.4,1.0,0.36363636363636365,0.25,18,3,True,0.3,0.6666666666666666,0.45454545454545453,0.375
design_19_seq_1,none,11.839,False,True,32.21,False,18,1,True,0.25,1.0,0.2727272727272727,0.125,17,0,False,0.45,0.3333333333333333,0.09090909090909091,0.0
design_1_seq_0,none,17.177,False,True,23.76,False,19,4,True,0.15,1.0,0.5454545454545454,0.5,13,0,False,0.45,0.0,0.0,0.0
design_1_seq_1,none,11.428,False,True,23.939,False,14,2,True,0.1,0.3333333333333333,0.45454545454545453,0.25,28,4,True,0.45,0.6666666666666666,0.6363636363636364,0.5
design_20_seq_0,none,4.755,True,True,27.874,False,21,1,True,0.55,1.0,0.36363636363636365,0.125,28,2,True,0.65,0.6666666666666666,0.36363636363636365,0.25
design_20_seq_1,none,27.476,False,True,27.339,False,22,2,True,0.6,1.0,0.36363636363636365,0.25,24,3,True,0.55,1.0,0.45454545454545453,0.375
design_21_seq_0,none,27.489,False,True,4.909,False,16,0,False,0.55,0.0,0.18181818181818182,0.0,19,3,True,0.25,0.6666666666666666,0.45454545454545453,0.375
design_22_seq_0,none,28.742,False,True,29.709,False,21,1,True,0.45,1.0,0.2727272727272727,0.125,23,2,True,0.5,1.0,0.36363636363636365,0.25
design_22_seq_1,none,28.965,False,True,6.317,False,25,1,True,0.65,1.0,0.2727272727272727,0.125,29,2,True,0.7,1.0,0.36363636363636365,0.25
design_23_seq_0,none,29.836,False,True,28.455,False,22,1,True,0.5,1.0,0.2727272727272727,0.125,18,1,True,0.55,0.6666666666666666,0.18181818181818182,0.125
design_23_seq_1,none,9.315,False,True,28.76,False,17,1,True,0.3,1.0,0.2727272727272727,0.125,25,0,False,0.55,0.6666666666666666,0.18181818181818182,0.0
design_24_seq_0,none,23.376,False,True,29.977,False,9,0,False,0.15,0.0,0.0,0.0,8,0,False,0.15,0.0,0.0,0.0
design_24_seq_1,none,16.6205,False,True,29.445,False,16,2,True,0.2,1.0,0.36363636363636365,0.25,3,0,False,0.1,0.0,0.0,0.0
design_25_seq_0,none,13.237,False,True,25.624,False,20,1,True,0.55,0.6666666666666666,0.2727272727272727,0.125,11,0,False,0.3,0.0,0.18181818181818182,0.0
design_25_seq_1,none,21.96,False,True,26.957,False,11,1,True,0.05,0.6666666666666666,0.2727272727272727,0.125,11,0,False,0.2,0.0,0.18181818181818182,0.0
design_26_seq_0,none,17.1505,False,True,26.763,False,22,3,True,0.4,0.3333333333333333,0.45454545454545453,0.375,13,0,False,0.35,0.3333333333333333,0.18181818181818182,0.0
design_27_seq_0,none,28.512,False,True,29.668,False,18,1,True,0.3,1.0,0.36363636363636365,0.125,22,2,True,0.4,1.0,0.45454545454545453,0.25
design_28_seq_0,none,28.758,False,True,33.673,False,23,5,True,0.1,1.0,0.7272727272727273,0.625,24,3,True,0.5,1.0,0.45454545454545453,0.375
design_28_seq_1,none,27.626,False,True,27.888,False,21,1,True,0.55,1.0,0.2727272727272727,0.125,26,4,True,0.55,1.0,0.5454545454545454,0.5
design_2_seq_1,none,28.2065,False,True,28.83,False,24,2,True,0.5,1.0,0.36363636363636365,0.25,19,2,True,0.4,1.0,0.36363636363636365,0.25
design_30_seq_0,none,28.737,False,True,29.237,False,21,2,True,0.5,1.0,0.36363636363636365,0.25,22,2,True,0.5,1.0,0.36363636363636365,0.25
design_30_seq_1,none,26.651,False,True,5.287,False,16,0,False,0.45,0.6666666666666666,0.09090909090909091,0.0,21,3,True,0.4,0.6666666666666666,0.45454545454545453,0.375
design_32_seq_0,none,26.659,False,True,29.903,False,22,3,True,0.35,1.0,0.5454545454545454,0.375,26,0,False,0.75,0.6666666666666666,0.09090909090909091,0.0
design_32_seq_1,none,8.153,False,True,10.258,False,26,0,False,0.65,0.0,0.2727272727272727,0.0,23,0,False,0.65,0.3333333333333333,0.2727272727272727,0.0
design_33_seq_0,none,21.018,False,True,38.798,False,13,3,True,0.0,0.3333333333333333,0.2727272727272727,0.375,17,0,False,0.35,0.6666666666666666,0.18181818181818182,0.0
design_33_seq_1,none,15.727,False,True,28.734,False,19,2,True,0.2,0.6666666666666666,0.45454545454545453,0.25,18,0,False,0.5,0.6666666666666666,0.2727272727272727,0.0
design_34_seq_1,none,30.083,False,True,6.707,False,15,0,False,0.45,0.3333333333333333,0.18181818181818182,0.0,23,1,True,0.45,1.0,0.2727272727272727,0.125
design_35_seq_1,none,29.637,False,True,30.923,False,22,3,True,0.4,1.0,0.45454545454545453,0.375,26,2,True,0.65,1.0,0.36363636363636365,0.25
design_36_seq_0,none,7.254,False,True,5.385,False,24,0,False,0.55,0.3333333333333333,0.2727272727272727,0.0,25,0,False,0.6,0.0,0.2727272727272727,0.0
design_36_seq_1,none,5.564,False,True,28.393,False,21,2,True,0.45,0.6666666666666666,0.36363636363636365,0.25,21,0,False,0.6,0.0,0.09090909090909091,0.0
design_37_seq_0,none,7.591,False,True,27.54,False,23,2,True,0.5,1.0,0.36363636363636365,0.25,28,0,False,0.7,0.6666666666666666,0.18181818181818182,0.0
design_38_seq_1,none,24.1405,False,True,7.903,False,25,0,False,0.6,0.3333333333333333,0.0,0.0,14,5,True,0.1,0.3333333333333333,0.45454545454545453,0.625
design_3_seq_0,none,26.149,False,True,27.661,False,19,2,True,0.35,1.0,0.36363636363636365,0.25,22,1,True,0.5,0.6666666666666666,0.2727272727272727,0.125
design_3_seq_1,none,28.685,False,True,30.152,False,16,2,True,0.2,1.0,0.36363636363636365,0.25,22,3,True,0.45,1.0,0.45454545454545453,0.375
design_41_seq_0,none,16.608,False,True,32.952,False,19,5,True,0.0,1.0,0.6363636363636364,0.625,18,0,False,0.45,0.3333333333333333,0.09090909090909091,0.0
design_41_seq_1,none,19.44,False,True,25.337,False,15,1,True,0.25,0.6666666666666666,0.2727272727272727,0.125,13,0,False,0.25,0.0,0.18181818181818182,0.0
design_43_seq_0,none,28.756,False,True,37.563,False,23,5,True,0.05,1.0,0.6363636363636364,0.625,24,0,False,0.75,0.6666666666666666,0.2727272727272727,0.0
design_44_seq_0,none,28.543,False,True,15.691,False,19,0,False,0.45,0.0,0.09090909090909091,0.0,22,3,True,0.35,1.0,0.45454545454545453,0.375
design_44_seq_1,none,29.039,False,True,28.231,False,21,4,True,0.45,1.0,0.5454545454545454,0.5,10,1,True,0.15,0.0,0.09090909090909091,0.125
design_45_seq_0,none,7.418,False,True,32.124,False,14,3,True,0.05,1.0,0.45454545454545453,0.375,21,0,False,0.6,0.3333333333333333,0.18181818181818182,0.0
design_45_seq_1,none,21.806,False,True,28.957,False,22,2,True,0.5,1.0,0.36363636363636365,0.25,23,0,False,0.6,0.3333333333333333,0.2727272727272727,0.0
design_46_seq_0,none,27.458,False,True,30.852,False,19,3,True,0.2,1.0,0.45454545454545453,0.375,17,2,True,0.2,1.0,0.36363636363636365,0.25
design_46_seq_1,none,20.811,False,True,29.747,False,16,2,True,0.2,1.0,0.36363636363636365,0.25,8,0,False,0.15,0.0,0.09090909090909091,0.0
design_48_seq_0,none,27.28,False,True,28.378,False,20,2,True,0.4,1.0,0.36363636363636365,0.25,22,2,True,0.3,0.6666666666666666,0.36363636363636365,0.25
design_48_seq_1,none,7.384,False,True,26.181,False,21,3,True,0.35,0.6666666666666666,0.45454545454545453,0.375,23,2,True,0.4,1.0,0.45454545454545453,0.25
design_4_seq_0,none,8.279,False,True,26.135,False,21,2,True,0.5,0.3333333333333333,0.36363636363636365,0.25,21,0,False,0.5,0.3333333333333333,0.09090909090909091,0.0
design_4_seq_1,none,8.41,False,True,28.982,False,21,2,True,0.45,1.0,0.36363636363636365,0.25,26,0,False,0.7,0.3333333333333333,0.18181818181818182,0.0
design_50_seq_0,none,9.455,False,True,29.976,False,18,1,True,0.35,1.0,0.36363636363636365,0.125,22,0,False,0.4,0.3333333333333333,0.2727272727272727,0.0
design_50_seq_1,none,7.043,False,True,29.418,False,27,2,True,0.5,1.0,0.45454545454545453,0.25,23,0,False,0.5,0.3333333333333333,0.2727272727272727,0.0
design_52_seq_0,none,20.234,False,True,31.168,False,19,2,True,0.2,1.0,0.36363636363636365,0.25,6,1,True,0.1,0.3333333333333333,0.09090909090909091,0.125
design_53_seq_0,none,4.081,True,True,29.053,False,7,2,True,0.05,0.0,0.2727272727272727,0.25,16,0,False,0.4,0.0,0.18181818181818182,0.0
design_53_seq_1,none,26.294,False,True,13.408,False,23,0,False,0.6,0.3333333333333333,0.18181818181818182,0.0,21,2,True,0.45,0.6666666666666666,0.36363636363636365,0.25
design_54_seq_0,none,22.682,False,True,35.668,False,19,3,True,0.05,1.0,0.45454545454545453,0.375,5,0,False,0.15,0.0,0.0,0.0
design_54_seq_1,none,27.658,False,True,33.811,False,22,4,True,0.05,1.0,0.5454545454545454,0.5,16,1,True,0.2,0.0,0.36363636363636365,0.125
design_55_seq_0,none,28.388,False,True,29.233,False,22,4,True,0.5,0.6666666666666666,0.45454545454545453,0.5,20,2,True,0.5,0.6666666666666666,0.2727272727272727,0.25
design_55_seq_1,none,28.415,False,True,29.416,False,20,2,True,0.45,1.0,0.2727272727272727,0.25,19,3,True,0.35,1.0,0.45454545454545453,0.375
design_56_seq_0,none,30.977,False,True,12.562,False,20,0,False,0.55,0.0,0.09090909090909091,0.0,13,3,True,0.15,0.6666666666666666,0.45454545454545453,0.375
design_56_seq_1,none,6.237,False,True,34.166,False,16,2,True,0.0,0.6666666666666666,0.36363636363636365,0.25,21,0,False,0.55,0.0,0.18181818181818182,0.0
design_57_seq_0,none,5.125,False,True,28.612,False,20,2,True,0.5,1.0,0.36363636363636365,0.25,22,0,False,0.65,0.0,0.18181818181818182,0.0
design_57_seq_1,none,25.64,False,True,30.618,False,19,1,True,0.45,1.0,0.2727272727272727,0.125,23,2,True,0.7,1.0,0.36363636363636365,0.25
design_58_seq_0,none,18.547,False,True,35.228,False,19,3,True,0.05,0.6666666666666666,0.45454545454545453,0.375,15,1,True,0.15,0.6666666666666666,0.36363636363636365,0.125
design_58_seq_1,none,8.52,False,True,28.513,False,17,2,True,0.3,0.6666666666666666,0.36363636363636365,0.25,18,0,False,0.5,0.0,0.09090909090909091,0.0
design_59_seq_0,none,9.333,False,True,8.874,False,24,0,False,0.7,0.3333333333333333,0.18181818181818182,0.0,24,0,False,0.65,0.3333333333333333,0.18181818181818182,0.0
design_60_seq_0,none,28.849,False,True,25.379,False,20,3,True,0.4,0.6666666666666666,0.45454545454545453,0.375,19,2,True,0.35,1.0,0.36363636363636365,0.25
design_60_seq_1,none,6.533,False,True,29.513,False,19,2,True,0.3,1.0,0.36363636363636365,0.25,26,3,True,0.6,0.6666666666666666,0.45454545454545453,0.375
design_61_seq_0,none,18.636,False,True,27.654,False,19,2,True,0.25,0.6666666666666666,0.36363636363636365,0.25,19,3,True,0.2,0.6666666666666666,0.45454545454545453,0.375
design_61_seq_1,none,17.202,False,True,22.179,False,13,1,True,0.15,0.6666666666666666,0.36363636363636365,0.125,12,0,False,0.2,0.3333333333333333,0.18181818181818182,0.0
design_62_seq_0,none,17.116,False,True,28.693,False,20,2,True,0.45,1.0,0.36363636363636365,0.25,22,0,False,0.65,0.6666666666666666,0.18181818181818182,0.0
design_62_seq_1,none,12.229,False,True,27.18,False,14,5,True,0.1,0.6666666666666666,0.6363636363636364,0.625,21,0,False,0.45,0.6666666666666666,0.2727272727272727,0.0
design_63_seq_0,none,11.0155,False,True,33.412,False,20,2,True,0.35,1.0,0.36363636363636365,0.25,20,0,False,0.5,0.0,0.09090909090909091,0.0
design_63_seq_1,none,28.205,False,True,30.682,False,17,1,True,0.25,1.0,0.2727272727272727,0.125,25,2,True,0.5,1.0,0.36363636363636365,0.25
design_7_seq_0,none,19.329,False,True,26.817,False,25,3,True,0.5,1.0,0.45454545454545453,0.375,15,0,False,0.4,0.3333333333333333,0.18181818181818182,0.0
design_7_seq_1,none,19.049,False,True,35.379,False,22,5,True,0.05,1.0,0.6363636363636364,0.625,12,0,False,0.2,0.3333333333333333,0.18181818181818182,0.0
design_8_seq_1,none,26.501,False,True,8.613,False,27,0,False,0.65,0.3333333333333333,0.09090909090909091,0.0,16,4,True,0.1,1.0,0.5454545454545454,0.5
design_9_seq_0,none,6.82,False,True,11.434,False,25,0,False,0.65,0.0,0.09090909090909091,0.0,22,0,False,0.55,0.0,0.2727272727272727,0.0
design_9_seq_1,none,15.314,False,True,36.96,False,6,4,True,0.0,0.0,0.36363636363636365,0.5,17,4,True,0.15,0.6666666666666666,0.6363636363636364,0.5
