design_region,design_position,n_designs,n_matched,n_inserted,frac_inserted,entropy_bits,top_residue,top_residue_frac
1,1,128,117,11,0.0859375,1.0721234816525267,A,0.796875
1,2,128,115,13,0.1015625,0.5512319322992567,V,0.9140625
1,3,128,108,20,0.15625,2.5194050843702804,A,0.5
1,4,128,109,19,0.1484375,2.7055408868798008,V,0.2890625
1,5,128,116,12,0.09375,2.960150933657772,L,0.3515625
1,6,128,90,38,0.296875,2.8051493079711123,E,0.375
1,7,128,92,36,0.28125,3.3683543062889303,D,0.15625
1,8,128,98,30,0.234375,3.520197937212081,G,0.1796875
1,9,128,98,30,0.234375,3.1143398651809044,G,0.25
1,10,128,104,24,0.1875,3.6029754144604285,D,0.15625
1,11,120,89,31,0.25833333333333336,3.5695767463163937,G,0.13333333333333333
1,12,110,89,21,0.19090909090909092,3.053789680079141,T,0.35454545454545455
1,13,94,80,14,0.14893617021276595,3.33872678397544,V,0.19148936170212766
1,14,84,74,10,0.11904761904761904,3.340093717681656,I,0.21428571428571427
1,15,70,61,9,0.12857142857142856,3.2802527986840424,I,0.21428571428571427
1,16,52,46,6,0.11538461538461539,3.1735149024438294,L,0.23076923076923078
1,17,36,32,4,0.1111111111111111,2.519204946852852,V,0.3333333333333333
1,18,24,22,2,0.08333333333333333,2.9072682296173893,I,0.25
1,19,18,18,0,0.0,1.1941737342569119,I,0.6111111111111112
1,20,12,12,0,0.0,1.3250112108241772,Q,0.5
