design_region,length_class,wt_position,wt_residue,n_designs,n_aligned,aligned_fraction,mean_blosum62,sd_blosum62
1,all,1,S,128,127,0.9921875,0.9606299212598425,0.820390681255744
1,all,2,V,128,127,0.9921875,3.9921259842519685,0.08873565094161139
1,all,3,A,128,127,0.9921875,1.5984251968503937,2.655511915254475
1,all,4,L,128,124,0.96875,0.6048387096774194,2.01142488178772
1,all,5,V,128,125,0.9765625,0.312,2.072928425697452
1,all,6,G,128,121,0.9453125,1.3553719008264462,3.6052265396509906
1,all,7,D,128,119,0.9296875,2.4285714285714284,2.9846256573932313
1,all,8,L,128,88,0.6875,-1.4772727272727273,2.31426000549652
1,all,9,R,128,103,0.8046875,-0.8932038834951457,2.04801492296581
1,all,10,D,128,125,0.9765625,0.232,2.2935252482839883
1,all,11,K,128,128,1.0,0.2734375,2.3767735814503483
1,all,12,I,128,128,1.0,3.640625,0.7708710177352966
1,all,13,E,128,128,1.0,0.4140625,2.3959524391254474
1,shorter,1,S,34,34,1.0,1.1470588235294117,0.7439596331985203
1,shorter,2,V,34,34,1.0,4.0,0.0
1,shorter,3,A,34,34,1.0,2.0,2.7524094128159016
1,shorter,4,L,34,31,0.9117647058823529,-0.6129032258064516,1.1453505825681707
1,shorter,5,V,34,32,0.9411764705882353,-0.875,2.3383203235407826
1,shorter,6,G,34,28,0.8235294117647058,0.32142857142857145,3.3780727732504023
1,shorter,7,D,34,26,0.7647058823529411,3.3076923076923075,2.4620191838282786
1,shorter,8,L,34,6,0.17647058823529413,-1.3333333333333333,2.7325202042558927
1,shorter,9,R,34,21,0.6176470588235294,-1.0476190476190477,0.6690433824641325
1,shorter,10,D,34,34,1.0,-0.35294117647058826,1.432995441663677
1,shorter,11,K,34,34,1.0,-0.2647058823529412,1.5037090210424189
1,shorter,12,I,34,34,1.0,4.0,0.0
1,shorter,13,E,34,34,1.0,-0.17647058823529413,2.0666264155703074
1,equal,1,S,10,10,1.0,0.6,0.6992058987801011
1,equal,2,V,10,10,1.0,4.0,0.0
1,equal,3,A,10,10,1.0,2.8,2.5298221281347035
1,equal,4,L,10,10,1.0,-0.1,1.5951314818673863
1,equal,5,V,10,10,1.0,1.9,2.0248456731316584
1,equal,6,G,10,10,1.0,-2.0,0.6666666666666666
1,equal,7,D,10,10,1.0,2.4,3.3065591380365986
1,equal,8,L,10,10,1.0,-3.5,1.5811388300841898
1,equal,9,R,10,10,1.0,-0.9,2.514402955419481
1,equal,10,D,10,10,1.0,-0.7,1.4944341180973262
1,equal,11,K,10,10,1.0,1.9,2.378141197564929
1,equal,12,I,10,10,1.0,3.8,0.6324555320336759
1,equal,13,E,10,10,1.0,-0.5,2.592724864350674
1,longer,1,S,84,83,0.9880952380952381,0.927710843373494,0.852301511548762
1,longer,2,V,84,83,0.9880952380952381,3.9879518072289155,0.10976425998969035
1,longer,3,A,84,83,0.9880952380952381,1.2891566265060241,2.5970439127833527
1,longer,4,L,84,83,0.9880952380952381,1.144578313253012,2.096062104137661
1,longer,5,V,84,83,0.9880952380952381,0.5783132530120482,1.7469170190388499
1,longer,6,G,84,83,0.9880952380952381,2.108433734939759,3.592037427804798
1,longer,7,D,84,83,0.9880952380952381,2.1566265060240966,3.074211886753208
1,longer,8,L,84,72,0.8571428571428571,-1.2083333333333333,2.251368910647694
1,longer,9,R,84,72,0.8571428571428571,-0.8472222222222222,2.2558825899813377
1,longer,10,D,84,81,0.9642857142857143,0.5925925925925926,2.5825267558041762
1,longer,11,K,84,84,1.0,0.2976190476190476,2.5871776588918207
1,longer,12,I,84,84,1.0,3.4761904761904763,0.8846235395099953
1,longer,13,E,84,84,1.0,0.7619047619047619,2.447615252558164
2,all,1,S,128,128,1.0,0.078125,0.5114342192598391
2,all,2,Q,128,128,1.0,-1.015625,1.027069640893009
2,all,3,A,128,128,1.0,-0.4765625,1.2609510455882411
2,all,4,N,128,128,1.0,-1.0234375,1.3367303142634517
2,all,5,K,128,128,1.0,-0.1171875,1.7950987240633476
2,all,6,D,128,128,1.0,-1.4453125,1.5714409544199701
2,equal,1,S,128,128,1.0,0.078125,0.5114342192598391
2,equal,2,Q,128,128,1.0,-1.015625,1.027069640893009
2,equal,3,A,128,128,1.0,-0.4765625,1.2609510455882411
2,equal,4,N,128,128,1.0,-1.0234375,1.3367303142634517
2,equal,5,K,128,128,1.0,-0.1171875,1.7950987240633476
2,equal,6,D,128,128,1.0,-1.4453125,1.5714409544199701
