design,region_length,design_position,arm,arm_depth,is_turn,turn_register,dist_to_anchor_line,column,matched,wt_position,ss
design_0,17,1,N,1,False,9.0,2.8596601206557963,1,True,1.0,strand
design_0,17,2,N,2,False,9.0,4.167567415753774,2,True,2.0,strand
design_0,17,3,N,3,False,9.0,6.675602553613454,3,True,3.0,strand
design_0,17,4,N,4,False,9.0,8.067243157364166,4,True,4.0,strand
design_0,17,5,N,5,False,9.0,8.404098627731244,5,True,5.0,strand
design_0,17,6,N,6,False,9.0,9.66354684055011,6,True,6.0,strand
design_0,17,7,N,7,False,9.0,8.663660859919649,7,False,,coil
design_0,17,8,N,8,False,9.0,10.896038182782492,8,False,,coil
design_0,17,9,N,9,False,9.0,12.209697758013892,9,False,,coil
design_0,17,10,N,10,True,9.0,9.232144615029375,10,False,,coil
design_0,17,11,C,7,False,9.0,6.706505708296248,14,False,,coil
design_0,17,12,C,6,False,9.0,9.219464344670563,15,False,,coil
design_0,17,13,C,5,False,9.0,7.42316441798531,16,False,,coil
design_0,17,14,C,4,False,9.0,7.557302012151492,17,True,10.0,strand
design_0,17,15,C,3,False,9.0,4.54745220599058,18,True,11.0,strand
design_0,17,16,C,2,False,9.0,3.870324346381482,19,True,12.0,strand
design_0,17,17,C,1,False,9.0,2.4343954924028957,20,True,13.0,strand
design_1,17,1,N,1,False,9.0,2.9580984385845097,1,True,1.0,strand
design_1,17,2,N,2,False,9.0,4.2095227345434605,2,True,2.0,strand
design_1,17,3,N,3,False,9.0,6.737467098450142,3,True,3.0,strand
design_1,17,4,N,4,False,9.0,7.962377731097597,4,True,4.0,strand
design_1,17,5,N,5,False,9.0,8.45804319783123,5,True,5.0,strand
design_1,17,6,N,6,False,9.0,9.785121265696073,6,True,6.0,strand
design_1,17,7,N,7,False,9.0,8.80552196382374,7,False,,coil
design_1,17,8,N,8,False,9.0,11.334490384884498,8,False,,coil
design_1,17,9,N,9,False,9.0,13.18166101566393,9,False,,coil
design_1,17,10,N,10,True,9.0,10.37371285968514,10,False,,coil
design_1,17,11,C,7,False,9.0,7.847292418244746,14,False,,coil
design_1,17,12,C,6,False,9.0,10.348416244431188,15,False,,coil
design_1,17,13,C,5,False,9.0,7.915041420980999,16,False,,coil
design_1,17,14,C,4,False,9.0,7.6946612328960615,17,True,10.0,strand
design_1,17,15,C,3,False,9.0,4.551763775556643,18,True,11.0,strand
design_1,17,16,C,2,False,9.0,4.035494588634703,19,True,12.0,strand
design_1,17,17,C,1,False,9.0,2.334288550050837,20,True,13.0,strand
design_10,14,1,N,1,False,7.5,2.8330761941422953,1,True,1.0,strand
design_10,14,2,N,2,False,7.5,4.122008349587754,2,True,2.0,strand
design_10,14,3,N,3,False,7.5,6.633271742812628,3,True,3.0,strand
design_10,14,4,N,4,False,7.5,8.075847782100153,4,True,4.0,strand
design_10,14,5,N,5,False,7.5,8.721193114862075,5,True,5.0,strand
design_10,14,6,N,6,False,7.5,10.320651075558018,6,True,6.0,strand
design_10,14,7,N,7,False,7.5,9.12502991312627,7,True,6.0,strand
design_10,14,8,N,8,True,7.5,10.329905517904777,8,False,,coil
design_10,14,9,C,6,False,7.5,8.618689418904863,15,False,,coil
design_10,14,10,C,5,False,7.5,6.9214587977191115,16,False,,strand
design_10,14,11,C,4,False,7.5,7.358602112162029,17,True,10.0,strand
design_10,14,12,C,3,False,7.5,4.538668966880571,18,True,11.0,strand
design_10,14,13,C,2,False,7.5,3.9662476298759746,19,True,12.0,strand
design_10,14,14,C,1,False,7.5,2.454645439391086,20,True,13.0,strand
design_11,18,1,N,1,False,9.5,2.825107876225045,1,True,1.0,strand
design_11,18,2,N,2,False,9.5,4.06840684019394,2,True,2.0,strand
design_11,18,3,N,3,False,9.5,6.701807689965694,3,True,3.0,strand
design_11,18,4,N,4,False,9.5,8.129833045809807,4,True,4.0,strand
design_11,18,5,N,5,False,9.5,8.621044320665446,5,True,5.0,strand
design_11,18,6,N,6,False,9.5,10.124612466278748,6,True,6.0,strand
design_11,18,7,N,7,False,9.5,9.242545919892798,7,True,6.0,coil
design_11,18,8,N,8,False,9.5,12.37864975817929,8,False,,coil
design_11,18,9,N,9,False,9.5,11.244366954130955,9,False,,coil
design_11,18,10,N,10,True,9.5,12.593321481342297,10,False,,coil
design_11,18,11,C,8,False,9.5,9.266076692099741,13,False,,coil
design_11,18,12,C,7,False,9.5,9.017611322989838,14,False,,coil
design_11,18,13,C,6,False,9.5,10.11793602040336,15,False,,coil
design_11,18,14,C,5,False,9.5,7.239997192987033,16,False,,coil
design_11,18,15,C,4,False,9.5,7.307373026118366,17,True,10.0,strand
design_11,18,16,C,3,False,9.5,4.429884856490644,18,True,11.0,strand
design_11,18,17,C,2,False,9.5,3.9574782455246607,19,True,12.0,strand
design_11,18,18,C,1,False,9.5,2.4407565308549457,20,True,13.0,strand
design_12,20,1,N,1,False,10.5,2.883723731150285,1,True,1.0,strand
design_12,20,2,N,2,False,10.5,4.164282438653167,2,True,2.0,strand
design_12,20,3,N,3,False,10.5,6.6152610060114165,3,True,3.0,strand
design_12,20,4,N,4,False,10.5,8.00965061478015,4,True,4.0,strand
design_12,20,5,N,5,False,10.5,8.948697133996937,5,True,5.0,strand
design_12,20,6,N,6,False,10.5,10.35222545573468,6,True,9.0,strand
design_12,20,7,N,7,False,10.5,9.82808975615957,7,False,,strand
design_12,20,8,N,8,False,10.5,11.761029060199098,8,False,,strand
design_12,20,9,N,9,False,10.5,9.520535515904172,9,False,,coil
design_12,20,10,N,10,False,10.5,11.329464680033196,10,False,,coil
design_12,20,11,N,11,True,10.5,8.225505122641234,11,False,,coil
design_12,20,12,C,9,False,10.5,8.17542027799682,12,False,,coil
design_12,20,13,C,8,False,10.5,11.774949153904982,13,False,,coil
design_12,20,14,C,7,False,10.5,11.188601435008861,14,False,,coil
design_12,20,15,C,6,False,10.5,10.850508510108856,15,False,,strand
design_12,20,16,C,5,False,10.5,7.636139239254159,16,False,,strand
design_12,20,17,C,4,False,10.5,7.6855169921465105,17,True,10.0,strand
design_12,20,18,C,3,False,10.5,4.700176103803064,18,True,11.0,strand
design_12,20,19,C,2,False,10.5,3.903691261142877,19,True,12.0,strand
design_12,20,20,C,1,False,10.5,2.4201078327232692,20,True,13.0,strand
design_13,11,1,N,1,False,6.0,2.886020376325532,1,True,1.0,strand
design_13,11,2,N,2,False,6.0,4.177772919374286,2,True,2.0,strand
design_13,11,3,N,3,False,6.0,6.640009152414335,3,True,3.0,strand
design_13,11,4,N,4,False,6.0,7.985704753355436,4,True,4.0,strand
design_13,11,5,N,5,False,6.0,8.380945598460698,5,True,5.0,coil
design_13,11,6,N,6,False,6.0,10.771506541554972,6,False,,coil
design_13,11,7,N,7,True,6.0,8.055726681649626,7,False,,coil
design_13,11,8,C,4,False,6.0,7.40616203965326,17,True,10.0,coil
design_13,11,9,C,3,False,6.0,4.41444460682016,18,True,11.0,strand
design_13,11,10,C,2,False,6.0,3.846688124848361,19,True,12.0,strand
design_13,11,11,C,1,False,6.0,2.4550906161560375,20,True,13.0,strand
design_14,15,1,N,1,False,8.0,2.9145892564121363,1,True,1.0,strand
design_14,15,2,N,2,False,8.0,4.161596664805192,2,True,2.0,strand
design_14,15,3,N,3,False,8.0,6.629775492116716,3,True,3.0,strand
design_14,15,4,N,4,False,8.0,8.015843584279613,4,True,4.0,strand
design_14,15,5,N,5,False,8.0,8.89608774508258,5,True,5.0,strand
design_14,15,6,N,6,False,8.0,9.90114944605759,6,True,6.0,strand
design_14,15,7,N,7,False,8.0,9.216370721636357,7,False,,coil
design_14,15,8,N,8,False,8.0,11.37468217716961,8,False,,coil
design_14,15,9,N,9,True,8.0,9.166641205815173,9,False,,coil
design_14,15,10,C,6,False,8.0,10.36589723062014,15,False,,coil
design_14,15,11,C,5,False,8.0,7.2075220901470285,16,False,,coil
design_14,15,12,C,4,False,8.0,7.472924649402014,17,True,10.0,strand
design_14,15,13,C,3,False,8.0,4.625081211097935,18,True,11.0,strand
design_14,15,14,C,2,False,8.0,3.9294979286286207,19,True,12.0,strand
design_14,15,15,C,1,False,8.0,2.5263070138464108,20,True,13.0,strand
design_15,16,1,N,1,False,8.5,2.884893247185081,1,True,1.0,strand
design_15,16,2,N,2,False,8.5,4.163723394408827,2,True,2.0,strand
design_15,16,3,N,3,False,8.5,6.623925538267962,3,True,3.0,strand
design_15,16,4,N,4,False,8.5,8.216579321623309,4,True,4.0,strand
design_15,16,5,N,5,False,8.5,9.000926670756124,5,True,5.0,strand
design_15,16,6,N,6,False,8.5,9.982307428663164,6,False,,strand
design_15,16,7,N,7,False,8.5,9.608147062121608,7,False,,coil
design_15,16,8,N,8,False,8.5,13.090249270420532,8,False,,coil
design_15,16,9,N,9,True,8.5,12.310326465796916,9,False,,coil
design_15,16,10,C,7,False,8.5,9.036721001872065,14,False,,coil
design_15,16,11,C,6,False,8.5,10.440864020893398,15,False,,coil
design_15,16,12,C,5,False,8.5,7.292718031469733,16,False,,coil
design_15,16,13,C,4,False,8.5,7.529824696363356,17,True,10.0,strand
design_15,16,14,C,3,False,8.5,4.76014591207009,18,True,11.0,strand
design_15,16,15,C,2,False,8.5,3.9561926747101888,19,True,12.0,strand
design_15,16,16,C,1,False,8.5,2.506828903537388,20,True,13.0,strand
design_16,14,1,N,1,False,7.5,2.875875845007311,1,True,1.0,strand
design_16,14,2,N,2,False,7.5,4.114169329606122,2,True,2.0,strand
design_16,14,3,N,3,False,7.5,6.697226847295388,3,True,3.0,strand
design_16,14,4,N,4,False,7.5,7.976729007449635,4,True,4.0,strand
design_16,14,5,N,5,False,7.5,8.707697792686405,5,True,5.0,strand
design_16,14,6,N,6,False,7.5,10.001280387387645,6,True,6.0,strand
design_16,14,7,N,7,False,7.5,10.450602191397005,7,False,,strand
design_16,14,8,N,8,True,7.5,11.13080508157149,8,False,,coil
design_16,14,9,C,6,False,7.5,9.830883589459422,15,False,,coil
design_16,14,10,C,5,False,7.5,6.908845399675179,16,False,,strand
design_16,14,11,C,4,False,7.5,7.15413821105485,17,True,10.0,strand
design_16,14,12,C,3,False,7.5,4.413100847335289,18,True,11.0,strand
design_16,14,13,C,2,False,7.5,3.875275423992203,19,True,12.0,strand
design_16,14,14,C,1,False,7.5,2.4400836023371633,20,True,13.0,strand
design_17,14,1,N,1,False,7.5,2.915193639975618,1,True,1.0,strand
design_17,14,2,N,2,False,7.5,4.274985833737842,2,True,2.0,strand
design_17,14,3,N,3,False,7.5,6.7657741016997175,3,True,3.0,strand
design_17,14,4,N,4,False,7.5,8.059628717110883,4,True,4.0,strand
design_17,14,5,N,5,False,7.5,8.78034240829038,5,True,5.0,strand
design_17,14,6,N,6,False,7.5,10.268213116538695,6,True,6.0,strand
design_17,14,7,N,7,False,7.5,10.05900950202776,7,True,6.0,strand
design_17,14,8,N,8,True,7.5,11.166829278192786,8,False,,coil
design_17,14,9,C,6,False,7.5,10.069840643460962,15,False,,coil
design_17,14,10,C,5,False,7.5,7.100585030707843,16,False,,strand
design_17,14,11,C,4,False,7.5,7.398543097523526,17,True,10.0,strand
design_17,14,12,C,3,False,7.5,4.499247147039907,18,True,11.0,strand
design_17,14,13,C,2,False,7.5,4.0283775237778485,19,True,12.0,strand
design_17,14,14,C,1,False,7.5,2.352699290029459,20,True,13.0,strand
design_18,10,1,N,1,False,5.5,2.8554548703120015,1,True,1.0,strand
design_18,10,2,N,2,False,5.5,4.1488490983558,2,True,2.0,strand
design_18,10,3,N,3,False,5.5,6.687164501215447,3,True,3.0,strand
design_18,10,4,N,4,False,5.5,8.097995101843571,4,True,4.0,strand
design_18,10,5,N,5,False,5.5,9.010033939061003,5,True,5.0,coil
design_18,10,6,N,6,True,5.5,9.47620330614839,6,True,6.0,coil
design_18,10,7,C,4,False,5.5,7.247336324447342,17,True,10.0,coil
design_18,10,8,C,3,False,5.5,4.525185538625532,18,True,11.0,strand
design_18,10,9,C,2,False,5.5,3.893355567164967,19,True,12.0,strand
design_18,10,10,C,1,False,5.5,2.478633911415217,20,True,13.0,strand
design_19,11,1,N,1,False,6.0,2.8054959412617286,1,True,1.0,strand
design_19,11,2,N,2,False,6.0,4.105010962131685,2,True,2.0,strand
design_19,11,3,N,3,False,6.0,6.733806184180152,3,True,3.0,strand
design_19,11,4,N,4,False,6.0,7.838285957397625,4,True,4.0,strand
design_19,11,5,N,5,False,6.0,7.785184509244784,5,True,5.0,coil
design_19,11,6,N,6,False,6.0,8.21761464626802,6,True,6.0,coil
design_19,11,7,N,7,True,6.0,8.184001939293152,7,False,,coil
design_19,11,8,C,4,False,6.0,7.177108614506787,17,True,10.0,coil
design_19,11,9,C,3,False,6.0,4.248601908119678,18,True,11.0,strand
design_19,11,10,C,2,False,6.0,3.7889035396218897,19,True,12.0,strand
design_19,11,11,C,1,False,6.0,2.431975283926856,20,True,13.0,strand
design_2,10,1,N,1,False,5.5,2.8373937483615843,1,True,1.0,strand
design_2,10,2,N,2,False,5.5,4.153426170181893,2,True,2.0,strand
design_2,10,3,N,3,False,5.5,6.687604006037422,3,True,3.0,strand
design_2,10,4,N,4,False,5.5,7.690165896465702,4,True,4.0,strand
design_2,10,5,N,5,False,5.5,7.87722616595072,5,True,5.0,strand
design_2,10,6,N,6,True,5.5,8.133788460566267,6,True,6.0,coil
design_2,10,7,C,4,False,5.5,6.646949362379488,17,False,,coil
design_2,10,8,C,3,False,5.5,4.096757864562125,18,True,11.0,strand
design_2,10,9,C,2,False,5.5,3.847348117038898,19,True,12.0,strand
design_2,10,10,C,1,False,5.5,2.4190496241247765,20,True,13.0,strand
design_20,12,1,N,1,False,6.5,2.834819744787998,1,True,1.0,strand
design_20,12,2,N,2,False,6.5,4.112006314594722,2,True,2.0,strand
design_20,12,3,N,3,False,6.5,6.585479896598375,3,True,3.0,strand
design_20,12,4,N,4,False,6.5,7.881847538925819,4,True,4.0,strand
design_20,12,5,N,5,False,6.5,8.70642336245576,5,True,5.0,strand
design_20,12,6,N,6,False,6.5,10.574310975692022,6,True,6.0,coil
design_20,12,7,N,7,True,6.5,10.983548844389452,7,False,,coil
design_20,12,8,C,5,False,6.5,7.598153907133633,16,False,,coil
design_20,12,9,C,4,False,6.5,6.129658670999013,17,False,,coil
design_20,12,10,C,3,False,6.5,3.879976757020479,18,True,11.0,strand
design_20,12,11,C,2,False,6.5,3.764062265026631,19,True,12.0,strand
design_20,12,12,C,1,False,6.5,2.4983397824439315,20,True,13.0,strand
design_21,19,1,N,1,False,10.0,2.858185894251884,1,True,1.0,strand
design_21,19,2,N,2,False,10.0,4.203143298163302,2,True,2.0,strand
design_21,19,3,N,3,False,10.0,6.6942045894157145,3,True,3.0,strand
design_21,19,4,N,4,False,10.0,7.990020896587028,4,True,4.0,strand
design_21,19,5,N,5,False,10.0,8.837438982331598,5,True,5.0,strand
design_21,19,6,N,6,False,10.0,10.162994431068748,6,False,,strand
design_21,19,7,N,7,False,10.0,9.91351003985314,7,False,,strand
design_21,19,8,N,8,False,10.0,11.92212462899007,8,False,,strand
design_21,19,9,N,9,False,10.0,10.850947589756993,9,False,,coil
design_21,19,10,N,10,False,10.0,13.055586999722323,10,False,,coil
design_21,19,11,N,11,True,10.0,11.579444722275968,11,False,,coil
design_21,19,12,C,8,False,10.0,13.270933505679503,13,False,,coil
design_21,19,13,C,7,False,10.0,10.514793690809553,14,False,,coil
design_21,19,14,C,6,False,10.0,10.270759050688332,15,False,,strand
design_21,19,15,C,5,False,10.0,7.040036663039102,16,False,,strand
design_21,19,16,C,4,False,10.0,7.350033444397694,17,True,10.0,strand
design_21,19,17,C,3,False,10.0,4.4467328763720335,18,True,11.0,strand
design_21,19,18,C,2,False,10.0,3.7852106552997307,19,True,12.0,strand
design_21,19,19,C,1,False,10.0,2.540420866168658,20,True,13.0,strand
design_22,12,1,N,1,False,6.5,2.8462360524218804,1,True,1.0,strand
design_22,12,2,N,2,False,6.5,4.3003397363719085,2,True,2.0,strand
design_22,12,3,N,3,False,6.5,6.614505018470807,3,True,3.0,strand
design_22,12,4,N,4,False,6.5,8.008153827568542,4,True,4.0,strand
design_22,12,5,N,5,False,6.5,8.710388226787563,5,True,5.0,coil
design_22,12,6,N,6,False,6.5,11.730306854826125,6,True,9.0,coil
design_22,12,7,N,7,True,6.5,10.889914206615261,7,True,7.0,coil
design_22,12,8,C,5,False,6.5,7.590897655627339,16,False,,coil
design_22,12,9,C,4,False,6.5,7.733899014214824,17,True,10.0,coil
design_22,12,10,C,3,False,6.5,4.674747513056985,18,True,11.0,strand
design_22,12,11,C,2,False,6.5,4.089915890094087,19,True,12.0,strand
design_22,12,12,C,1,False,6.5,2.2927922808725247,20,True,13.0,strand
design_23,13,1,N,1,False,7.0,2.8607208516256706,1,True,1.0,strand
design_23,13,2,N,2,False,7.0,4.030324143760588,2,True,2.0,strand
design_23,13,3,N,3,False,7.0,6.645492939810092,3,True,3.0,strand
design_23,13,4,N,4,False,7.0,7.994735878436072,4,True,4.0,strand
design_23,13,5,N,5,False,7.0,8.58673462464466,5,True,5.0,strand
design_23,13,6,N,6,False,7.0,10.728110832885259,6,False,,strand
design_23,13,7,N,7,False,7.0,9.020888588875817,7,True,6.0,coil
design_23,13,8,N,8,True,7.0,8.28716265084181,8,False,,coil
design_23,13,9,C,5,False,7.0,6.703922846969184,16,False,,coil
design_23,13,10,C,4,False,7.0,7.3224030412983225,17,True,10.0,strand
design_23,13,11,C,3,False,7.0,4.587026228752374,18,True,11.0,strand
design_23,13,12,C,2,False,7.0,3.901839993140948,19,True,12.0,strand
design_23,13,13,C,1,False,7.0,2.5210664590922236,20,True,13.0,strand
design_24,20,1,N,1,False,10.5,2.8594418278697957,1,True,1.0,strand
design_24,20,2,N,2,False,10.5,4.206246263965814,2,True,2.0,strand
design_24,20,3,N,3,False,10.5,6.707560225169799,3,True,3.0,strand
design_24,20,4,N,4,False,10.5,8.029735428566912,4,True,4.0,strand
design_24,20,5,N,5,False,10.5,8.845016735977543,5,True,5.0,strand
design_24,20,6,N,6,False,10.5,10.21442885881057,6,False,,strand
design_24,20,7,N,7,False,10.5,9.56779227031083,7,False,,strand
design_24,20,8,N,8,False,10.5,11.56787196869117,8,False,,strand
design_24,20,9,N,9,False,10.5,10.877903479890023,9,False,,coil
design_24,20,10,N,10,False,10.5,14.227092886372782,10,False,,coil
design_24,20,11,N,11,True,10.5,13.631821358548013,11,False,,coil
design_24,20,12,C,9,False,10.5,11.496020518928722,12,False,,coil
design_24,20,13,C,8,False,10.5,13.614765645551849,13,False,,coil
design_24,20,14,C,7,False,10.5,10.855686873200376,14,False,,coil
design_24,20,15,C,6,False,10.5,10.360835281320707,15,False,,strand
design_24,20,16,C,5,False,10.5,7.348004655691241,16,False,,strand
design_24,20,17,C,4,False,10.5,7.460239543698609,17,True,10.0,strand
design_24,20,18,C,3,False,10.5,4.4803737902868725,18,True,11.0,strand
design_24,20,19,C,2,False,10.5,3.836145057136915,19,True,12.0,strand
design_24,20,20,C,1,False,10.5,2.48372451873058,20,True,13.0,strand
design_25,17,1,N,1,False,9.0,2.8239408223196714,1,True,1.0,strand
design_25,17,2,N,2,False,9.0,4.259983105981137,2,True,2.0,strand
design_25,17,3,N,3,False,9.0,6.7697469651380935,3,True,3.0,strand
design_25,17,4,N,4,False,9.0,8.010992280931942,4,True,4.0,strand
design_25,17,5,N,5,False,9.0,8.687738141578377,5,True,5.0,strand
design_25,17,6,N,6,False,9.0,10.087387935465628,6,True,6.0,coil
design_25,17,7,N,7,False,9.0,8.567151819659639,7,False,,coil
design_25,17,8,N,8,False,9.0,11.034705121775591,8,False,,coil
design_25,17,9,N,9,False,9.0,9.902078939907081,9,False,,coil
design_25,17,10,N,10,True,9.0,10.229649707704796,10,False,,coil
design_25,17,11,C,7,False,9.0,7.204878564469614,14,False,,coil
design_25,17,12,C,6,False,9.0,8.454855039054904,15,False,,coil
design_25,17,13,C,5,False,9.0,7.438773064290917,16,False,,coil
design_25,17,14,C,4,False,9.0,7.211208720241615,17,True,10.0,strand
design_25,17,15,C,3,False,9.0,4.484105404522,18,True,11.0,strand
design_25,17,16,C,2,False,9.0,3.9115598969394023,19,True,12.0,strand
design_25,17,17,C,1,False,9.0,2.3621826602950273,20,True,13.0,strand
design_26,19,1,N,1,False,10.0,2.905457794879081,1,True,1.0,strand
design_26,19,2,N,2,False,10.0,4.119109785859868,2,True,2.0,strand
design_26,19,3,N,3,False,10.0,6.72736212348774,3,True,3.0,strand
design_26,19,4,N,4,False,10.0,7.978522237998133,4,True,4.0,strand
design_26,19,5,N,5,False,10.0,8.44108623737405,5,True,5.0,strand
design_26,19,6,N,6,False,10.0,10.098605320355398,6,True,6.0,strand
design_26,19,7,N,7,False,10.0,10.42364190002284,7,False,,strand
design_26,19,8,N,8,False,10.0,12.6859087418947,8,False,,strand
design_26,19,9,N,9,False,10.0,11.43486518595342,9,False,,coil
design_26,19,10,N,10,False,10.0,13.339950027776904,10,False,,coil
design_26,19,11,N,11,True,10.0,11.811408992070696,11,False,,coil
design_26,19,12,C,8,False,10.0,14.089469835268378,13,False,,coil
design_26,19,13,C,7,False,10.0,11.595647484799613,14,False,,coil
design_26,19,14,C,6,False,10.0,10.881195159410062,15,False,,strand
design_26,19,15,C,5,False,10.0,7.380637219200778,16,False,,strand
design_26,19,16,C,4,False,10.0,7.3164889705010925,17,True,10.0,strand
design_26,19,17,C,3,False,10.0,4.49658681815719,18,True,11.0,strand
design_26,19,18,C,2,False,10.0,3.8959149187140127,19,True,12.0,strand
design_26,19,19,C,1,False,10.0,2.4733213686568267,20,True,13.0,strand
design_27,10,1,N,1,False,5.5,2.910488236572463,1,True,1.0,strand
design_27,10,2,N,2,False,5.5,4.208533659996489,2,True,2.0,strand
design_27,10,3,N,3,False,5.5,6.6570371869903004,3,True,3.0,strand
design_27,10,4,N,4,False,5.5,7.893549811921651,4,True,4.0,strand
design_27,10,5,N,5,False,5.5,8.25288797638548,5,True,5.0,strand
design_27,10,6,N,6,True,5.5,9.178270686713011,6,True,6.0,coil
design_27,10,7,C,4,False,5.5,7.164811498948261,17,False,,coil
design_27,10,8,C,3,False,5.5,4.51171001855132,18,True,11.0,strand
design_27,10,9,C,2,False,5.5,4.0565254336997825,19,True,12.0,strand
design_27,10,10,C,1,False,5.5,2.401721041986952,20,True,13.0,strand
design_28,12,1,N,1,False,6.5,2.93586022030452,1,True,1.0,strand
design_28,12,2,N,2,False,6.5,4.100667829801258,2,True,2.0,strand
design_28,12,3,N,3,False,6.5,6.605783857451773,3,True,3.0,strand
design_28,12,4,N,4,False,6.5,7.906362878095186,4,True,4.0,strand
design_28,12,5,N,5,False,6.5,8.490720287080524,5,True,5.0,strand
design_28,12,6,N,6,False,6.5,10.946724117502297,6,True,9.0,coil
design_28,12,7,N,7,True,6.5,11.186934924696855,7,True,7.0,coil
design_28,12,8,C,5,False,6.5,7.505254981475728,16,False,,coil
design_28,12,9,C,4,False,6.5,7.043480091662112,17,True,10.0,coil
design_28,12,10,C,3,False,6.5,4.333965014205866,18,True,11.0,strand
design_28,12,11,C,2,False,6.5,3.840938713231688,19,True,12.0,strand
design_28,12,12,C,1,False,6.5,2.4714628444177866,20,True,13.0,strand
design_29,16,1,N,1,False,8.5,2.943312004741135,1,True,1.0,strand
design_29,16,2,N,2,False,8.5,4.2663260240231695,2,True,2.0,strand
design_29,16,3,N,3,False,8.5,6.723455583255588,3,True,3.0,strand
design_29,16,4,N,4,False,8.5,8.006851939636984,4,True,4.0,strand
design_29,16,5,N,5,False,8.5,8.918216294543992,5,True,5.0,strand
design_29,16,6,N,6,False,8.5,9.80982948246217,6,False,,strand
design_29,16,7,N,7,False,8.5,8.691125218125348,7,False,,coil
design_29,16,8,N,8,False,8.5,11.459513741284981,8,False,,coil
design_29,16,9,N,9,True,8.5,10.460807163444702,9,False,,coil
design_29,16,10,C,7,False,8.5,7.611953293122751,14,False,,coil
design_29,16,11,C,6,False,8.5,9.93403642136672,15,False,,coil
design_29,16,12,C,5,False,8.5,7.2111994486314845,16,False,,coil
design_29,16,13,C,4,False,8.5,7.5935866262152745,17,True,10.0,strand
design_29,16,14,C,3,False,8.5,4.616617486267521,18,True,11.0,strand
design_29,16,15,C,2,False,8.5,3.94488949920693,19,True,12.0,strand
design_29,16,16,C,1,False,8.5,2.5397264334338754,20,True,13.0,strand
design_3,15,1,N,1,False,8.0,2.9044190813330713,1,True,1.0,strand
design_3,15,2,N,2,False,8.0,4.2363920187859465,2,True,2.0,strand
design_3,15,3,N,3,False,8.0,6.786158388923316,3,True,3.0,strand
design_3,15,4,N,4,False,8.0,8.17221064045045,4,True,4.0,strand
design_3,15,5,N,5,False,8.0,9.062115019056568,5,True,5.0,strand
design_3,15,6,N,6,False,8.0,10.152895082875567,6,False,,strand
design_3,15,7,N,7,False,8.0,9.064489278701812,7,False,,coil
design_3,15,8,N,8,False,8.0,11.356620390514461,8,False,,coil
design_3,15,9,N,9,True,8.0,9.344489315275407,9,False,,coil
design_3,15,10,C,6,False,8.0,10.528577912017518,15,False,,coil
design_3,15,11,C,5,False,8.0,7.4083499451039785,16,False,,coil
design_3,15,12,C,4,False,8.0,7.675426533234032,17,True,10.0,strand
design_3,15,13,C,3,False,8.0,4.7978207464318565,18,True,11.0,strand
design_3,15,14,C,2,False,8.0,4.092201489333898,19,True,12.0,strand
design_3,15,15,C,1,False,8.0,2.402153006866462,20,True,13.0,strand
design_30,14,1,N,1,False,7.5,2.936159220910656,1,True,1.0,strand
design_30,14,2,N,2,False,7.5,4.259724372635464,2,True,2.0,strand
design_30,14,3,N,3,False,7.5,6.747362664190192,3,True,3.0,strand
design_30,14,4,N,4,False,7.5,8.009575887753082,4,True,4.0,strand
design_30,14,5,N,5,False,7.5,8.769384537180105,5,True,5.0,strand
design_30,14,6,N,6,False,7.5,9.993878830366548,6,False,,strand
design_30,14,7,N,7,False,7.5,9.161794641818476,7,False,,strand
design_30,14,8,N,8,True,7.5,10.01113844702912,8,False,,coil
design_30,14,9,C,6,False,7.5,10.104290472776256,15,False,,coil
design_30,14,10,C,5,False,7.5,7.054542365446461,16,False,,strand
design_30,14,11,C,4,False,7.5,7.490659290466143,17,True,10.0,strand
design_30,14,12,C,3,False,7.5,4.597974331587069,18,True,11.0,strand
design_30,14,13,C,2,False,7.5,4.0781638102118904,19,True,12.0,strand
design_30,14,14,C,1,False,7.5,2.3694945650023524,20,True,13.0,strand
design_31,16,1,N,1,False,8.5,2.8120947118574864,1,True,1.0,strand
design_31,16,2,N,2,False,8.5,4.152630170810599,2,True,2.0,strand
design_31,16,3,N,3,False,8.5,6.693386599393921,3,True,3.0,strand
design_31,16,4,N,4,False,8.5,7.9931062837114375,4,True,4.0,strand
design_31,16,5,N,5,False,8.5,8.823203301515697,5,True,5.0,strand
design_31,16,6,N,6,False,8.5,10.062151985002998,6,True,6.0,coil
design_31,16,7,N,7,False,8.5,8.811571232461402,7,False,,coil
design_31,16,8,N,8,False,8.5,11.105546735030401,8,False,,coil
design_31,16,9,N,9,True,8.5,10.947389671042833,9,False,,coil
design_31,16,10,C,7,False,8.5,9.191127566971067,14,False,,coil
design_31,16,11,C,6,False,8.5,6.745704989793013,15,False,,coil
design_31,16,12,C,5,False,8.5,6.912994840840461,16,False,,coil
design_31,16,13,C,4,False,8.5,7.3577728723236815,17,True,10.0,coil
design_31,16,14,C,3,False,8.5,4.4032695210983706,18,True,11.0,strand
design_31,16,15,C,2,False,8.5,4.0290317976053105,19,True,12.0,strand
design_31,16,16,C,1,False,8.5,2.345517275961495,20,True,13.0,strand
design_32,12,1,N,1,False,6.5,2.864760019060345,1,True,1.0,strand
design_32,12,2,N,2,False,6.5,4.194344024606516,2,True,2.0,strand
design_32,12,3,N,3,False,6.5,6.599409367738207,3,True,3.0,strand
design_32,12,4,N,4,False,6.5,8.01126892624052,4,True,4.0,strand
design_32,12,5,N,5,False,6.5,8.472216095158178,5,True,5.0,coil
design_32,12,6,N,6,False,6.5,11.095553256042377,6,False,,coil
design_32,12,7,N,7,True,6.5,8.618766710691684,7,True,6.0,coil
design_32,12,8,C,5,False,6.5,8.71244991960626,16,False,,coil
design_32,12,9,C,4,False,6.5,7.586860401075281,17,True,10.0,coil
design_32,12,10,C,3,False,6.5,4.64248855190669,18,True,11.0,strand
design_32,12,11,C,2,False,6.5,3.9447513849751434,19,True,12.0,strand
design_32,12,12,C,1,False,6.5,2.3501466514142173,20,True,13.0,strand
design_33,17,1,N,1,False,9.0,2.904428713746485,1,True,1.0,strand
design_33,17,2,N,2,False,9.0,4.1818604715189425,2,True,2.0,strand
design_33,17,3,N,3,False,9.0,6.705131304868095,3,True,3.0,strand
design_33,17,4,N,4,False,9.0,7.852047623990792,4,True,4.0,strand
design_33,17,5,N,5,False,9.0,8.090423733056475,5,True,5.0,coil
design_33,17,6,N,6,False,9.0,9.272037196653992,6,True,6.0,coil
design_33,17,7,N,7,False,9.0,8.559138667499797,7,False,,coil
design_33,17,8,N,8,False,9.0,6.183509880928148,8,False,,coil
design_33,17,9,N,9,False,9.0,7.916603631112867,9,False,,coil
design_33,17,10,N,10,True,9.0,4.705076109725256,10,False,,coil
design_33,17,11,C,7,False,9.0,4.362086348455063,14,False,,coil
design_33,17,12,C,6,False,9.0,7.874162997831114,15,False,,coil
design_33,17,13,C,5,False,9.0,7.131535703144332,16,False,,coil
design_33,17,14,C,4,False,9.0,7.314991157469489,17,True,10.0,strand
design_33,17,15,C,3,False,9.0,4.494343218884634,18,True,11.0,strand
design_33,17,16,C,2,False,9.0,3.860242267985008,19,True,12.0,strand
design_33,17,17,C,1,False,9.0,2.506605173919773,20,True,13.0,strand
design_34,15,1,N,1,False,8.25,2.856040571781647,1,True,1.0,strand
design_34,15,2,N,2,False,8.25,4.222571576148898,2,True,2.0,strand
design_34,15,3,N,3,False,8.25,6.779362294530953,3,True,3.0,strand
design_34,15,4,N,4,False,8.25,8.107998753687186,4,True,4.0,strand
design_34,15,5,N,5,False,8.25,8.228004115108783,5,True,5.0,coil
design_34,15,6,N,6,False,8.25,9.0247225599105,6,True,6.0,coil
design_34,15,7,N,7,False,8.25,9.197729441896263,7,True,8.0,coil
design_34,15,8,N,8,False,8.25,7.009296089787704,8,False,,coil
design_34,15,9,N,9,True,8.25,7.343106763293194,9,False,,coil
design_34,15,10,C,6,False,8.25,9.043642448244828,15,False,,coil
design_34,15,11,C,5,False,8.25,7.538813583630428,16,False,,coil
design_34,15,12,C,4,False,8.25,7.444300220683129,17,True,10.0,strand
design_34,15,13,C,3,False,8.25,4.615384749531125,18,True,11.0,strand
design_34,15,14,C,2,False,8.25,3.9634189280230703,19,True,12.0,strand
design_34,15,15,C,1,False,8.25,2.43645453622464,20,True,13.0,strand
design_35,12,1,N,1,False,6.5,2.951545243856563,1,True,1.0,strand
design_35,12,2,N,2,False,6.5,4.142176423707422,2,True,2.0,strand
design_35,12,3,N,3,False,6.5,6.740929156870477,3,True,3.0,strand
design_35,12,4,N,4,False,6.5,7.9402858834263155,4,True,4.0,strand
design_35,12,5,N,5,False,6.5,8.574762578697275,5,True,5.0,strand
design_35,12,6,N,6,False,6.5,11.447887208347495,6,False,,coil
design_35,12,7,N,7,True,6.5,11.574522723493882,7,True,7.0,coil
design_35,12,8,C,5,False,6.5,7.8662303966121385,16,False,,coil
design_35,12,9,C,4,False,6.5,7.572563573598523,17,True,10.0,coil
design_35,12,10,C,3,False,6.5,4.528733384626993,18,True,11.0,strand
design_35,12,11,C,2,False,6.5,3.8232741621660518,19,True,12.0,strand
design_35,12,12,C,1,False,6.5,2.468907044657175,20,True,13.0,strand
design_36,16,1,N,1,False,8.5,2.8744326178018804,1,True,1.0,strand
design_36,16,2,N,2,False,8.5,4.178074883239303,2,True,2.0,strand
design_36,16,3,N,3,False,8.5,6.640316781352114,3,True,3.0,strand
design_36,16,4,N,4,False,8.5,8.006487427442423,4,True,4.0,strand
design_36,16,5,N,5,False,8.5,9.217900047847138,5,True,5.0,strand
design_36,16,6,N,6,False,8.5,9.954434296595052,6,False,,strand
design_36,16,7,N,7,False,8.5,9.320931043730994,7,False,,coil
design_36,16,8,N,8,False,8.5,12.827724424322113,8,False,,coil
design_36,16,9,N,9,True,8.5,11.724401820362461,9,False,,coil
design_36,16,10,C,7,False,8.5,8.756825401300528,14,False,,coil
design_36,16,11,C,6,False,8.5,10.285834764090595,15,False,,coil
design_36,16,12,C,5,False,8.5,7.05545993310467,16,False,,coil
design_36,16,13,C,4,False,8.5,7.452071359165966,17,True,10.0,strand
design_36,16,14,C,3,False,8.5,4.576964563518367,18,True,11.0,strand
design_36,16,15,C,2,False,8.5,3.834319562947134,19,True,12.0,strand
design_36,16,16,C,1,False,8.5,2.479482716013775,20,True,13.0,strand
design_37,13,1,N,1,False,7.0,2.9053466649186324,1,True,1.0,strand
design_37,13,2,N,2,False,7.0,4.141182016938256,2,True,2.0,strand
design_37,13,3,N,3,False,7.0,6.568689645272104,3,True,3.0,strand
design_37,13,4,N,4,False,7.0,8.047166573518153,4,True,4.0,strand
design_37,13,5,N,5,False,7.0,8.803175191621232,5,True,5.0,strand
design_37,13,6,N,6,False,7.0,10.01891576912869,6,False,,strand
design_37,13,7,N,7,False,7.0,9.985579235840472,7,True,6.0,coil
design_37,13,8,N,8,True,7.0,8.994105033180182,8,False,,coil
design_37,13,9,C,5,False,7.0,7.112782819755581,16,False,,coil
design_37,13,10,C,4,False,7.0,7.39014362866485,17,True,10.0,strand
design_37,13,11,C,3,False,7.0,4.549539430403887,18,True,11.0,strand
design_37,13,12,C,2,False,7.0,3.9933500283766388,19,True,12.0,strand
design_37,13,13,C,1,False,7.0,2.3717487756322093,20,True,13.0,strand
design_38,13,1,N,1,False,7.0,2.8909741117514742,1,True,1.0,strand
design_38,13,2,N,2,False,7.0,4.129686138516426,2,True,2.0,strand
design_38,13,3,N,3,False,7.0,6.615836341990325,3,True,3.0,strand
design_38,13,4,N,4,False,7.0,7.913270550960992,4,True,4.0,strand
design_38,13,5,N,5,False,7.0,8.567807388222167,5,True,5.0,strand
design_38,13,6,N,6,False,7.0,9.930879152816717,6,True,6.0,strand
design_38,13,7,N,7,False,7.0,10.589663730860135,7,False,,strand
design_38,13,8,N,8,True,7.0,9.711405461452545,8,False,,coil
design_38,13,9,C,5,False,7.0,7.003427355686482,16,False,,strand
design_38,13,10,C,4,False,7.0,7.108594562880587,17,True,10.0,strand
design_38,13,11,C,3,False,7.0,4.40610770137868,18,True,11.0,strand
design_38,13,12,C,2,False,7.0,3.8558292166208536,19,True,12.0,strand
design_38,13,13,C,1,False,7.0,2.522601961897795,20,True,13.0,strand
design_39,16,1,N,1,False,8.75,2.8959659177179415,1,True,1.0,strand
design_39,16,2,N,2,False,8.75,4.143441442412854,2,True,2.0,strand
design_39,16,3,N,3,False,8.75,6.710050219352691,3,True,3.0,strand
design_39,16,4,N,4,False,8.75,7.905685209504759,4,True,4.0,strand
design_39,16,5,N,5,False,8.75,8.095830635680219,5,True,5.0,coil
design_39,16,6,N,6,False,8.75,9.428610055838016,6,True,6.0,coil
design_39,16,7,N,7,False,8.75,9.030618790714044,7,True,8.0,coil
design_39,16,8,N,8,False,8.75,6.499908403837597,8,False,,coil
design_39,16,9,N,9,True,8.75,7.199341950112223,9,False,,coil
design_39,16,10,C,7,False,8.75,5.176121263838667,14,False,,coil
design_39,16,11,C,6,False,8.75,8.350704488050962,15,False,,coil
design_39,16,12,C,5,False,8.75,6.955555823986465,16,False,,coil
design_39,16,13,C,4,False,8.75,7.169527364614549,17,True,10.0,strand
design_39,16,14,C,3,False,8.75,4.410987819110583,18,True,11.0,strand
design_39,16,15,C,2,False,8.75,3.7839008541797416,19,True,12.0,strand
design_39,16,16,C,1,False,8.75,2.4870452371609604,20,True,13.0,strand
design_4,14,1,N,1,False,7.5,2.907721433178599,1,True,1.0,strand
design_4,14,2,N,2,False,7.5,4.201258785598679,2,True,2.0,strand
design_4,14,3,N,3,False,7.5,6.817523163984521,3,True,3.0,strand
design_4,14,4,N,4,False,7.5,8.012590122465536,4,True,4.0,strand
design_4,14,5,N,5,False,7.5,8.890657111762499,5,True,5.0,strand
design_4,14,6,N,6,False,7.5,10.334727370015873,6,True,6.0,strand
design_4,14,7,N,7,False,7.5,9.921853941300661,7,False,,strand
design_4,14,8,N,8,True,7.5,10.766937833073545,8,False,,coil
design_4,14,9,C,6,False,7.5,9.933069756564604,15,False,,coil
design_4,14,10,C,5,False,7.5,7.225996815179968,16,False,,strand
design_4,14,11,C,4,False,7.5,7.487526665644194,17,True,10.0,strand
design_4,14,12,C,3,False,7.5,4.6380233244966735,18,True,11.0,strand
design_4,14,13,C,2,False,7.5,4.039529509939461,19,True,12.0,strand
design_4,14,14,C,1,False,7.5,2.3425848176927206,20,True,13.0,strand
design_40,15,1,N,1,False,8.0,2.8124633109088553,1,True,1.0,strand
design_40,15,2,N,2,False,8.0,4.232397766099004,2,True,2.0,strand
design_40,15,3,N,3,False,8.0,6.745080346829453,3,True,3.0,strand
design_40,15,4,N,4,False,8.0,8.093671717211253,4,True,4.0,strand
design_40,15,5,N,5,False,8.0,8.772275483548555,5,True,5.0,strand
design_40,15,6,N,6,False,8.0,9.960199560227636,6,True,6.0,strand
design_40,15,7,N,7,False,8.0,8.716961040381044,7,False,,coil
design_40,15,8,N,8,False,8.0,10.847224532141022,8,False,,coil
design_40,15,9,N,9,True,8.0,8.657051374225105,9,False,,coil
design_40,15,10,C,6,False,8.0,10.099441347708572,15,False,,coil
design_40,15,11,C,5,False,8.0,7.129306998290902,16,False,,coil
design_40,15,12,C,4,False,8.0,7.488183559925136,17,True,10.0,strand
design_40,15,13,C,3,False,8.0,4.499601797636828,18,True,11.0,strand
design_40,15,14,C,2,False,8.0,3.9239870168800737,19,True,12.0,strand
design_40,15,15,C,1,False,8.0,2.4319596509341794,20,True,13.0,strand
design_41,17,1,N,1,False,9.0,2.862273918059305,1,True,1.0,strand
design_41,17,2,N,2,False,9.0,4.225966674942075,2,True,2.0,strand
design_41,17,3,N,3,False,9.0,6.717232118584086,3,True,3.0,strand
design_41,17,4,N,4,False,9.0,7.885543128110898,4,True,4.0,strand
design_41,17,5,N,5,False,9.0,8.861902619301508,5,True,5.0,strand
design_41,17,6,N,6,False,9.0,9.775473727896,6,False,,strand
design_41,17,7,N,7,False,9.0,7.790204527715913,7,False,,coil
design_41,17,8,N,8,False,9.0,10.0018203903313,8,False,,coil
design_41,17,9,N,9,False,9.0,8.017216254840747,9,False,,coil
design_41,17,10,N,10,True,9.0,8.004309787402795,10,False,,coil
design_41,17,11,C,7,False,9.0,11.206990820631315,14,False,,coil
design_41,17,12,C,6,False,9.0,11.215982491684137,15,False,,coil
design_41,17,13,C,5,False,9.0,7.949248203213822,16,False,,strand
design_41,17,14,C,4,False,9.0,7.446020059269337,17,True,10.0,strand
design_41,17,15,C,3,False,9.0,4.414714562252314,18,True,11.0,strand
design_41,17,16,C,2,False,9.0,3.891435448903358,19,True,12.0,strand
design_41,17,17,C,1,False,9.0,2.3797595739531037,20,True,13.0,strand
design_42,20,1,N,1,False,10.5,2.9470742471000353,1,True,1.0,strand
design_42,20,2,N,2,False,10.5,4.062632573759223,2,True,2.0,strand
design_42,20,3,N,3,False,10.5,6.62479100114986,3,True,3.0,strand
design_42,20,4,N,4,False,10.5,7.968246836520031,4,True,4.0,strand
design_42,20,5,N,5,False,10.5,8.729095980575497,5,True,5.0,strand
design_42,20,6,N,6,False,10.5,10.385605989573891,6,True,6.0,strand
design_42,20,7,N,7,False,10.5,10.754483778733839,7,False,,strand
design_42,20,8,N,8,False,10.5,12.78939142315151,8,False,,strand
design_42,20,9,N,9,False,10.5,10.951749393602698,9,False,,coil
design_42,20,10,N,10,False,10.5,12.447878012835268,10,False,,coil
design_42,20,11,N,11,True,10.5,9.261898558262866,11,False,,coil
design_42,20,12,C,9,False,10.5,10.51692754065937,12,False,,coil
design_42,20,13,C,8,False,10.5,13.42128222210968,13,False,,coil
design_42,20,14,C,7,False,10.5,12.159106490116306,14,False,,coil
design_42,20,15,C,6,False,10.5,11.35348392208882,15,False,,strand
design_42,20,16,C,5,False,10.5,7.758887896908984,16,False,,strand
design_42,20,17,C,4,False,10.5,7.678100921387647,17,True,10.0,strand
design_42,20,18,C,3,False,10.5,4.680539177655215,18,True,11.0,strand
design_42,20,19,C,2,False,10.5,4.006364546351474,19,True,12.0,strand
design_42,20,20,C,1,False,10.5,2.4545260632802934,20,True,13.0,strand
design_43,12,1,N,1,False,6.5,2.905004081985733,1,True,1.0,strand
design_43,12,2,N,2,False,6.5,4.295331644831107,2,True,2.0,strand
design_43,12,3,N,3,False,6.5,6.630802370709943,3,True,3.0,strand
design_43,12,4,N,4,False,6.5,7.986440506747158,4,True,4.0,strand
design_43,12,5,N,5,False,6.5,8.882519024476744,5,True,5.0,coil
design_43,12,6,N,6,False,6.5,11.727808826391792,6,True,9.0,coil
design_43,12,7,N,7,True,6.5,11.589693375849937,7,True,7.0,coil
design_43,12,8,C,5,False,6.5,7.86211868176574,16,False,,coil
design_43,12,9,C,4,False,6.5,7.656107050276341,17,True,10.0,coil
design_43,12,10,C,3,False,6.5,4.5150464472355045,18,True,11.0,strand
design_43,12,11,C,2,False,6.5,4.027520101345077,19,True,12.0,strand
design_43,12,12,C,1,False,6.5,2.3602001331765043,20,True,13.0,strand
design_44,16,1,N,1,False,8.5,2.969147442851671,1,True,1.0,strand
design_44,16,2,N,2,False,8.5,4.119007512091357,2,True,2.0,strand
design_44,16,3,N,3,False,8.5,6.6370873681415,3,True,3.0,strand
design_44,16,4,N,4,False,8.5,7.982573970729984,4,True,4.0,strand
design_44,16,5,N,5,False,8.5,8.824241859555984,5,True,5.0,strand
design_44,16,6,N,6,False,8.5,9.56055601904559,6,False,,strand
design_44,16,7,N,7,False,8.5,8.556467618600111,7,False,,coil
design_44,16,8,N,8,False,8.5,11.813203571509304,8,False,,coil
design_44,16,9,N,9,True,8.5,10.722599166235275,9,False,,coil
design_44,16,10,C,7,False,8.5,7.761381188046377,14,False,,coil
design_44,16,11,C,6,False,8.5,10.035403416557909,15,False,,coil
design_44,16,12,C,5,False,8.5,7.283150961482421,16,False,,coil
design_44,16,13,C,4,False,8.5,7.580848964744669,17,True,10.0,strand
design_44,16,14,C,3,False,8.5,4.592917230380464,18,True,11.0,strand
design_44,16,15,C,2,False,8.5,3.856353387772051,19,True,12.0,strand
design_44,16,16,C,1,False,8.5,2.477288919698107,20,True,13.0,strand
design_45,16,1,N,1,False,8.5,2.83933129519623,1,True,1.0,strand
design_45,16,2,N,2,False,8.5,4.03431365176775,2,True,2.0,strand
design_45,16,3,N,3,False,8.5,6.559211622146054,3,True,3.0,strand
design_45,16,4,N,4,False,8.5,7.8503088585112755,4,True,4.0,strand
design_45,16,5,N,5,False,8.5,7.9426021839358745,5,True,5.0,coil
design_45,16,6,N,6,False,8.5,9.658513327888876,6,True,6.0,coil
design_45,16,7,N,7,False,8.5,9.178087970045159,7,True,8.0,coil
design_45,16,8,N,8,False,8.5,6.658338797579126,8,False,,coil
design_45,16,9,N,9,True,8.5,7.22799822419581,9,False,,coil
design_45,16,10,C,7,False,8.5,5.7225344102032,14,False,,coil
design_45,16,11,C,6,False,8.5,8.816593230643047,15,False,,coil
design_45,16,12,C,5,False,8.5,7.363782755659404,16,False,,coil
design_45,16,13,C,4,False,8.5,7.39367679443851,17,True,10.0,strand
design_45,16,14,C,3,False,8.5,4.4460918582111875,18,True,11.0,strand
design_45,16,15,C,2,False,8.5,3.817262839889136,19,True,12.0,strand
design_45,16,16,C,1,False,8.5,2.4916157863232162,20,True,13.0,strand
design_46,15,1,N,1,False,8.0,2.994664109996441,1,True,1.0,strand
design_46,15,2,N,2,False,8.0,4.14730272034397,2,True,2.0,strand
design_46,15,3,N,3,False,8.0,6.665229028338129,3,True,3.0,strand
design_46,15,4,N,4,False,8.0,8.05908052730418,4,True,4.0,strand
design_46,15,5,N,5,False,8.0,9.344768479468167,5,True,5.0,strand
design_46,15,6,N,6,False,8.0,10.282029326904595,6,False,,strand
design_46,15,7,N,7,False,8.0,9.25123959212642,7,False,,coil
design_46,15,8,N,8,False,8.0,11.37521305363575,8,False,,coil
design_46,15,9,N,9,True,8.0,8.933457192791213,9,False,,coil
design_46,15,10,C,6,False,8.0,10.164855480393342,15,False,,coil
design_46,15,11,C,5,False,8.0,7.078870227646366,16,False,,coil
design_46,15,12,C,4,False,8.0,7.471393973293733,17,True,10.0,strand
design_46,15,13,C,3,False,8.0,4.630112285426332,18,True,11.0,strand
design_46,15,14,C,2,False,8.0,3.8780871497490166,19,True,12.0,strand
design_46,15,15,C,1,False,8.0,2.461182639189778,20,True,13.0,strand
design_47,16,1,N,1,False,8.5,2.891415384088316,1,True,1.0,strand
design_47,16,2,N,2,False,8.5,4.1796664494178035,2,True,2.0,strand
design_47,16,3,N,3,False,8.5,6.6246309150325615,3,True,3.0,strand
design_47,16,4,N,4,False,8.5,8.074669436012714,4,True,4.0,strand
design_47,16,5,N,5,False,8.5,8.704901285573724,5,True,5.0,strand
design_47,16,6,N,6,False,8.5,10.176808754617907,6,True,6.0,strand
design_47,16,7,N,7,False,8.5,10.743600578309234,7,False,,coil
design_47,16,8,N,8,False,8.5,14.470932183529307,8,False,,coil
design_47,16,9,N,9,True,8.5,14.203066034391403,9,False,,coil
design_47,16,10,C,7,False,8.5,11.217672594070073,14,False,,coil
design_47,16,11,C,6,False,8.5,11.386721299508151,15,False,,coil
design_47,16,12,C,5,False,8.5,7.679249150851306,16,False,,coil
design_47,16,13,C,4,False,8.5,7.460570700872078,17,True,10.0,strand
design_47,16,14,C,3,False,8.5,4.564413152959796,18,True,11.0,strand
design_47,16,15,C,2,False,8.5,3.864397673220424,19,True,12.0,strand
design_47,16,16,C,1,False,8.5,2.452594751629103,20,True,13.0,strand
design_48,20,1,N,1,False,10.5,2.8931386777437336,1,True,1.0,strand
design_48,20,2,N,2,False,10.5,4.270608368062321,2,True,2.0,strand
design_48,20,3,N,3,False,10.5,6.75574843128651,3,True,3.0,strand
design_48,20,4,N,4,False,10.5,8.114721193784082,4,True,4.0,strand
design_48,20,5,N,5,False,10.5,8.526123185904474,5,True,5.0,strand
design_48,20,6,N,6,False,10.5,10.227124315573251,6,True,6.0,strand
design_48,20,7,N,7,False,10.5,9.906683906261303,7,False,,strand
design_48,20,8,N,8,False,10.5,11.64080199954718,8,False,,coil
design_48,20,9,N,9,False,10.5,9.036651440149111,9,False,,coil
design_48,20,10,N,10,False,10.5,10.642401890226605,10,False,,coil
design_48,20,11,N,11,True,10.5,7.3553773220595025,11,False,,coil
design_48,20,12,C,9,False,10.5,6.896056844928886,12,False,,coil
design_48,20,13,C,8,False,10.5,10.606728925294934,13,False,,coil
design_48,20,14,C,7,False,10.5,10.35118864849096,14,False,,coil
design_48,20,15,C,6,False,10.5,10.345163945843685,15,False,,coil
design_48,20,16,C,5,False,10.5,7.146187979975668,16,False,,strand
design_48,20,17,C,4,False,10.5,7.323046480596432,17,True,10.0,strand
design_48,20,18,C,3,False,10.5,4.429501602397261,18,True,11.0,strand
design_48,20,19,C,2,False,10.5,3.850084756721192,19,True,12.0,strand
design_48,20,20,C,1,False,10.5,2.5581074056589017,20,True,13.0,strand
design_49,14,1,N,1,False,7.5,2.882830267854886,1,True,1.0,strand
design_49,14,2,N,2,False,7.5,4.127815254345799,2,True,2.0,strand
design_49,14,3,N,3,False,7.5,6.674253862895642,3,True,3.0,strand
design_49,14,4,N,4,False,7.5,8.010335032331643,4,True,4.0,strand
design_49,14,5,N,5,False,7.5,8.896592470717335,5,True,5.0,strand
design_49,14,6,N,6,False,7.5,10.372076803412885,6,False,,strand
design_49,14,7,N,7,False,7.5,9.661934018819041,7,False,,coil
design_49,14,8,N,8,True,7.5,10.60059748825752,8,False,,coil
design_49,14,9,C,6,False,7.5,8.156821314382054,15,False,,coil
design_49,14,10,C,5,False,7.5,6.911143827270167,16,False,,coil
design_49,14,11,C,4,False,7.5,7.34373297487852,17,True,10.0,strand
design_49,14,12,C,3,False,7.5,4.487813384934636,18,True,11.0,strand
design_49,14,13,C,2,False,7.5,3.923181932995833,19,True,12.0,strand
design_49,14,14,C,1,False,7.5,2.3969436819888603,20,True,13.0,strand
design_5,14,1,N,1,False,7.5,2.8663254218596173,1,True,1.0,strand
design_5,14,2,N,2,False,7.5,4.104118561936619,2,True,2.0,strand
design_5,14,3,N,3,False,7.5,6.691243478642422,3,True,3.0,strand
design_5,14,4,N,4,False,7.5,8.035607923973858,4,True,4.0,strand
design_5,14,5,N,5,False,7.5,8.901313120653203,5,True,5.0,strand
design_5,14,6,N,6,False,7.5,10.056807280252713,6,True,6.0,strand
design_5,14,7,N,7,False,7.5,9.674598674707457,7,True,6.0,strand
design_5,14,8,N,8,True,7.5,11.087839259536265,8,False,,coil
design_5,14,9,C,6,False,7.5,9.583938647147344,15,False,,coil
design_5,14,10,C,5,False,7.5,6.807809339262778,16,False,,strand
design_5,14,11,C,4,False,7.5,7.337299358767599,17,True,10.0,strand
design_5,14,12,C,3,False,7.5,4.611042102639678,18,True,11.0,strand
design_5,14,13,C,2,False,7.5,3.9181669343409906,19,True,12.0,strand
design_5,14,14,C,1,False,7.5,2.43680485614671,20,True,13.0,strand
design_50,10,1,N,1,False,5.5,2.8886261468018235,1,True,1.0,strand
design_50,10,2,N,2,False,5.5,4.221559055575261,2,True,2.0,strand
design_50,10,3,N,3,False,5.5,6.729641076616692,3,True,3.0,strand
design_50,10,4,N,4,False,5.5,7.833092080560083,4,True,4.0,strand
design_50,10,5,N,5,False,5.5,8.264841366664761,5,True,5.0,strand
design_50,10,6,N,6,True,5.5,8.842274656929575,6,True,6.0,coil
design_50,10,7,C,4,False,5.5,7.535397134424858,17,False,,coil
design_50,10,8,C,3,False,5.5,4.472257823680986,18,True,11.0,strand
design_50,10,9,C,2,False,5.5,3.9579121073716714,19,True,12.0,strand
design_50,10,10,C,1,False,5.5,2.452190316150891,20,True,13.0,strand
design_51,12,1,N,1,False,6.5,2.8589776276976053,1,True,1.0,strand
design_51,12,2,N,2,False,6.5,4.110094916771474,2,True,2.0,strand
design_51,12,3,N,3,False,6.5,6.576722426996862,3,True,3.0,strand
design_51,12,4,N,4,False,6.5,7.870511198070429,4,True,4.0,strand
design_51,12,5,N,5,False,6.5,8.591808561357984,5,True,5.0,strand
design_51,12,6,N,6,False,6.5,11.351977345408384,6,True,9.0,coil
design_51,12,7,N,7,True,6.5,11.021229336681499,7,True,7.0,coil
design_51,12,8,C,5,False,6.5,7.350742966270683,16,False,,coil
design_51,12,9,C,4,False,6.5,7.619436984621826,17,True,10.0,coil
design_51,12,10,C,3,False,6.5,4.522650071543097,18,True,11.0,strand
design_51,12,11,C,2,False,6.5,3.8342488899221756,19,True,12.0,strand
design_51,12,12,C,1,False,6.5,2.4506518141009104,20,True,13.0,strand
design_52,12,1,N,1,False,6.5,2.857416268323667,1,True,1.0,strand
design_52,12,2,N,2,False,6.5,4.144216013498043,2,True,2.0,strand
design_52,12,3,N,3,False,6.5,6.605196551584106,3,True,3.0,strand
design_52,12,4,N,4,False,6.5,7.880323600331984,4,True,4.0,strand
design_52,12,5,N,5,False,6.5,8.672180776186613,5,True,5.0,strand
design_52,12,6,N,6,False,6.5,11.569247664007575,6,True,9.0,coil
design_52,12,7,N,7,True,6.5,11.136040142503058,7,True,7.0,coil
design_52,12,8,C,5,False,6.5,7.635906323627026,16,False,,coil
design_52,12,9,C,4,False,6.5,7.672472824888461,17,True,10.0,coil
design_52,12,10,C,3,False,6.5,4.510267537098721,18,True,11.0,strand
design_52,12,11,C,2,False,6.5,3.9302991998080996,19,True,12.0,strand
design_52,12,12,C,1,False,6.5,2.3693687593880846,20,True,13.0,strand
design_53,20,1,N,1,False,10.5,2.9194768987105633,1,True,1.0,strand
design_53,20,2,N,2,False,10.5,4.134725885371261,2,True,2.0,strand
design_53,20,3,N,3,False,10.5,6.704150121844807,3,True,3.0,strand
design_53,20,4,N,4,False,10.5,8.010843061539529,4,True,4.0,strand
design_53,20,5,N,5,False,10.5,8.709097041096978,5,True,5.0,strand
design_53,20,6,N,6,False,10.5,10.338896055523684,6,True,6.0,strand
design_53,20,7,N,7,False,10.5,10.251782151875291,7,False,,strand
design_53,20,8,N,8,False,10.5,12.414311620996582,8,False,,coil
design_53,20,9,N,9,False,10.5,10.273034665179921,9,False,,coil
design_53,20,10,N,10,False,10.5,11.858290199485321,10,False,,coil
design_53,20,11,N,11,True,10.5,8.675695851542413,11,False,,coil
design_53,20,12,C,9,False,10.5,9.201668843457348,12,False,,coil
design_53,20,13,C,8,False,10.5,12.636844003404732,13,False,,coil
design_53,20,14,C,7,False,10.5,11.75673078673655,14,False,,coil
design_53,20,15,C,6,False,10.5,10.911405129471175,15,False,,coil
design_53,20,16,C,5,False,10.5,7.461604315899782,16,False,,strand
design_53,20,17,C,4,False,10.5,7.58384443114868,17,True,10.0,strand
design_53,20,18,C,3,False,10.5,4.5419966719257845,18,True,11.0,strand
design_53,20,19,C,2,False,10.5,3.8413275069989754,19,True,12.0,strand
design_53,20,20,C,1,False,10.5,2.4586221892019404,20,True,13.0,strand
design_54,18,1,N,1,False,9.5,2.9219808464531463,1,True,1.0,strand
design_54,18,2,N,2,False,9.5,4.076141004187718,2,True,2.0,strand
design_54,18,3,N,3,False,9.5,6.6537445904456725,3,True,3.0,strand
design_54,18,4,N,4,False,9.5,8.104586403456276,4,True,4.0,strand
design_54,18,5,N,5,False,9.5,8.917865671215578,5,True,5.0,strand
design_54,18,6,N,6,False,9.5,10.383200122356119,6,False,,strand
design_54,18,7,N,7,False,9.5,9.96294981462456,7,True,6.0,strand
design_54,18,8,N,8,False,9.5,12.473357261358093,8,False,,coil
design_54,18,9,N,9,False,9.5,11.038168858514975,9,False,,coil
design_54,18,10,N,10,True,9.5,12.238318095507164,10,False,,coil
design_54,18,11,C,8,False,9.5,10.077176951667688,13,False,,coil
design_54,18,12,C,7,False,9.5,10.743040938263459,14,False,,coil
design_54,18,13,C,6,False,9.5,10.684442152437601,15,False,,coil
design_54,18,14,C,5,False,9.5,7.3197256482529625,16,False,,strand
design_54,18,15,C,4,False,9.5,7.521853214357684,17,True,10.0,strand
design_54,18,16,C,3,False,9.5,4.635989899307948,18,True,11.0,strand
design_54,18,17,C,2,False,9.5,3.976088414138356,19,True,12.0,strand
design_54,18,18,C,1,False,9.5,2.446807451980287,20,True,13.0,strand
design_55,15,1,N,1,False,8.0,2.972663646443267,1,True,1.0,strand
design_55,15,2,N,2,False,8.0,4.187248791474919,2,True,2.0,strand
design_55,15,3,N,3,False,8.0,6.644777845384388,3,True,3.0,strand
design_55,15,4,N,4,False,8.0,8.03270488696507,4,True,4.0,strand
design_55,15,5,N,5,False,8.0,9.152235957384454,5,True,5.0,strand
design_55,15,6,N,6,False,8.0,9.825146680502844,6,False,,strand
design_55,15,7,N,7,False,8.0,8.35340404198269,7,False,,coil
design_55,15,8,N,8,False,8.0,10.284507666342279,8,False,,coil
design_55,15,9,N,9,True,8.0,8.065225693384203,9,False,,coil
design_55,15,10,C,6,False,8.0,10.015606643294792,15,False,,coil
design_55,15,11,C,5,False,8.0,7.460369805651425,16,False,,coil
design_55,15,12,C,4,False,8.0,7.679943582990785,17,True,10.0,strand
design_55,15,13,C,3,False,8.0,4.646890257857325,18,True,11.0,strand
design_55,15,14,C,2,False,8.0,3.907090373930322,19,True,12.0,strand
design_55,15,15,C,1,False,8.0,2.4927830951792647,20,True,13.0,strand
design_56,18,1,N,1,False,9.5,2.82852317694065,1,True,1.0,strand
design_56,18,2,N,2,False,9.5,4.208263087756238,2,True,2.0,strand
design_56,18,3,N,3,False,9.5,6.754189929620396,3,True,3.0,strand
design_56,18,4,N,4,False,9.5,8.120172204986545,4,True,4.0,strand
design_56,18,5,N,5,False,9.5,8.77151011187104,5,True,5.0,strand
design_56,18,6,N,6,False,9.5,10.339417830011415,6,True,6.0,strand
design_56,18,7,N,7,False,9.5,9.624805243673109,7,True,6.0,strand
design_56,18,8,N,8,False,9.5,12.606209144358832,8,False,,coil
design_56,18,9,N,9,False,9.5,11.688199727427348,9,False,,coil
design_56,18,10,N,10,True,9.5,13.631574847719493,10,False,,coil
design_56,18,11,C,8,False,9.5,12.233828403211401,13,False,,coil
design_56,18,12,C,7,False,9.5,12.244090135419949,14,False,,coil
design_56,18,13,C,6,False,9.5,11.19521817244503,15,False,,coil
design_56,18,14,C,5,False,9.5,7.5577523273008,16,False,,strand
design_56,18,15,C,4,False,9.5,7.384181210354129,17,True,10.0,strand
design_56,18,16,C,3,False,9.5,4.554132975340033,18,True,11.0,strand
design_56,18,17,C,2,False,9.5,3.8613542004642576,19,True,12.0,strand
design_56,18,18,C,1,False,9.5,2.5658054185492767,20,True,13.0,strand
design_57,11,1,N,1,False,6.0,3.0166363013590183,1,True,1.0,strand
design_57,11,2,N,2,False,6.0,4.066225292083521,2,True,2.0,strand
design_57,11,3,N,3,False,6.0,6.616395273875197,3,True,3.0,strand
design_57,11,4,N,4,False,6.0,7.914578160117668,4,True,4.0,strand
design_57,11,5,N,5,False,6.0,8.74833387053249,5,True,5.0,coil
design_57,11,6,N,6,False,6.0,10.938519122827566,6,False,,coil
design_57,11,7,N,7,True,6.0,8.099422971583888,7,False,,coil
design_57,11,8,C,4,False,6.0,7.323628299720585,17,True,10.0,coil
design_57,11,9,C,3,False,6.0,4.443496913773784,18,True,11.0,strand
design_57,11,10,C,2,False,6.0,3.794297529165582,19,True,12.0,strand
design_57,11,11,C,1,False,6.0,2.5688589994806006,20,True,13.0,strand
design_58,15,1,N,1,False,8.0,2.959663185771551,1,True,1.0,strand
design_58,15,2,N,2,False,8.0,4.22788138704881,2,True,2.0,strand
design_58,15,3,N,3,False,8.0,6.781015313424442,3,True,3.0,strand
design_58,15,4,N,4,False,8.0,8.004928394599368,4,True,4.0,strand
design_58,15,5,N,5,False,8.0,9.07671670021362,5,True,5.0,strand
design_58,15,6,N,6,False,8.0,10.12574800888851,6,False,,strand
design_58,15,7,N,7,False,8.0,9.401441941384476,7,False,,coil
design_58,15,8,N,8,False,8.0,11.804397714329912,8,False,,coil
design_58,15,9,N,9,True,8.0,9.374519620833997,9,False,,coil
design_58,15,10,C,6,False,8.0,10.333621908396832,15,False,,coil
design_58,15,11,C,5,False,8.0,7.237490311442906,16,False,,coil
design_58,15,12,C,4,False,8.0,7.489797253824743,17,True,10.0,strand
design_58,15,13,C,3,False,8.0,4.570659399963388,18,True,11.0,strand
design_58,15,14,C,2,False,8.0,3.8974423742506175,19,True,12.0,strand
design_58,15,15,C,1,False,8.0,2.4819815244581283,20,True,13.0,strand
design_59,11,1,N,1,False,6.0,2.927693314517974,1,True,1.0,strand
design_59,11,2,N,2,False,6.0,4.262244857060498,2,True,2.0,strand
design_59,11,3,N,3,False,6.0,6.762994246066156,3,True,3.0,strand
design_59,11,4,N,4,False,6.0,7.962619083400252,4,True,4.0,strand
design_59,11,5,N,5,False,6.0,8.082979524198084,5,True,5.0,coil
design_59,11,6,N,6,False,6.0,8.149268299630622,6,True,6.0,coil
design_59,11,7,N,7,True,6.0,8.537368665736555,7,False,,coil
design_59,11,8,C,4,False,6.0,7.5645200976980345,17,True,10.0,coil
design_59,11,9,C,3,False,6.0,4.3971574546170515,18,True,11.0,strand
design_59,11,10,C,2,False,6.0,3.9377870656807077,19,True,12.0,strand
design_59,11,11,C,1,False,6.0,2.490924819819892,20,True,13.0,strand
design_6,15,1,N,1,False,8.0,2.9844843314932064,1,True,1.0,strand
design_6,15,2,N,2,False,8.0,4.0765375498523655,2,True,2.0,strand
design_6,15,3,N,3,False,8.0,6.714884279532449,3,True,3.0,strand
design_6,15,4,N,4,False,8.0,8.044269622042869,4,True,4.0,strand
design_6,15,5,N,5,False,8.0,8.892999101290165,5,True,5.0,strand
design_6,15,6,N,6,False,8.0,9.871105479003843,6,True,6.0,strand
design_6,15,7,N,7,False,8.0,8.679481441209976,7,True,6.0,coil
design_6,15,8,N,8,False,8.0,10.038275826416093,8,False,,coil
design_6,15,9,N,9,True,8.0,12.288789128985888,9,False,,coil
design_6,15,10,C,6,False,8.0,9.890969899460151,15,False,,coil
design_6,15,11,C,5,False,8.0,6.974420996458629,16,False,,coil
design_6,15,12,C,4,False,8.0,7.297888635257742,17,True,10.0,strand
design_6,15,13,C,3,False,8.0,4.417560970477111,18,True,11.0,strand
design_6,15,14,C,2,False,8.0,3.9016145932112494,19,True,12.0,strand
design_6,15,15,C,1,False,8.0,2.4521674522237085,20,True,13.0,strand
design_60,15,1,N,1,False,8.0,2.9474118317019116,1,True,1.0,strand
design_60,15,2,N,2,False,8.0,4.190475640921657,2,True,2.0,strand
design_60,15,3,N,3,False,8.0,6.762874008513005,3,True,3.0,strand
design_60,15,4,N,4,False,8.0,8.087463070200664,4,True,4.0,strand
design_60,15,5,N,5,False,8.0,8.892143543696761,5,True,5.0,strand
design_60,15,6,N,6,False,8.0,9.789518584094948,6,False,,strand
design_60,15,7,N,7,False,8.0,8.575113137390693,7,False,,coil
design_60,15,8,N,8,False,8.0,10.924200582055432,8,False,,coil
design_60,15,9,N,9,True,8.0,8.84425887112351,9,False,,coil
design_60,15,10,C,6,False,8.0,10.217177195017461,15,False,,coil
design_60,15,11,C,5,False,8.0,7.263993745687576,16,False,,coil
design_60,15,12,C,4,False,8.0,7.550331236742439,17,True,10.0,strand
design_60,15,13,C,3,False,8.0,4.710840638576038,18,True,11.0,strand
design_60,15,14,C,2,False,8.0,4.062151648645499,19,True,12.0,strand
design_60,15,15,C,1,False,8.0,2.4236295131067624,20,True,13.0,strand
design_61,19,1,N,1,False,10.0,2.8448522714438735,1,True,1.0,strand
design_61,19,2,N,2,False,10.0,4.132969322958324,2,True,2.0,strand
design_61,19,3,N,3,False,10.0,6.642834750437017,3,True,3.0,strand
design_61,19,4,N,4,False,10.0,8.014413923986819,4,True,4.0,strand
design_61,19,5,N,5,False,10.0,8.635747576781709,5,True,5.0,strand
design_61,19,6,N,6,False,10.0,10.238782767372403,6,True,6.0,strand
design_61,19,7,N,7,False,10.0,11.007178039748956,7,False,,strand
design_61,19,8,N,8,False,10.0,13.129122684024946,8,False,,strand
design_61,19,9,N,9,False,10.0,12.116647685656398,9,False,,coil
design_61,19,10,N,10,False,10.0,14.522031711276805,10,False,,coil
design_61,19,11,N,11,True,10.0,13.30326447957035,11,False,,coil
design_61,19,12,C,8,False,10.0,14.735454942926276,13,False,,coil
design_61,19,13,C,7,False,10.0,11.733507921657841,14,False,,coil
design_61,19,14,C,6,False,10.0,11.039154585638967,15,False,,strand
design_61,19,15,C,5,False,10.0,7.546404718435791,16,False,,strand
design_61,19,16,C,4,False,10.0,7.47501894669997,17,True,10.0,strand
design_61,19,17,C,3,False,10.0,4.5819882329973085,18,True,11.0,strand
design_61,19,18,C,2,False,10.0,3.994958290408329,19,True,12.0,strand
design_61,19,19,C,1,False,10.0,2.3859441572846958,20,True,13.0,strand
design_62,17,1,N,1,False,9.0,2.8561889904935303,1,True,1.0,strand
design_62,17,2,N,2,False,9.0,4.110201963536326,2,True,2.0,strand
design_62,17,3,N,3,False,9.0,6.63744045158515,3,True,3.0,strand
design_62,17,4,N,4,False,9.0,8.015693295812346,4,True,4.0,strand
design_62,17,5,N,5,False,9.0,8.743275307821284,5,True,5.0,strand
design_62,17,6,N,6,False,9.0,10.627920579047814,6,True,6.0,coil
design_62,17,7,N,7,False,9.0,9.190086263250716,7,False,,coil
design_62,17,8,N,8,False,9.0,10.964503714134644,8,False,,coil
design_62,17,9,N,9,False,9.0,11.729051422462602,9,False,,coil
design_62,17,10,N,10,True,9.0,8.592216319897739,10,False,,coil
design_62,17,11,C,7,False,9.0,6.442615223396488,14,False,,coil
design_62,17,12,C,6,False,9.0,8.068119905732575,15,False,,coil
design_62,17,13,C,5,False,9.0,7.524246139524892,16,False,,coil
design_62,17,14,C,4,False,9.0,7.592002022900204,17,True,10.0,strand
design_62,17,15,C,3,False,9.0,4.713436912782158,18,True,11.0,strand
design_62,17,16,C,2,False,9.0,3.910392842000921,19,True,12.0,strand
design_62,17,17,C,1,False,9.0,2.4650381401702854,20,True,13.0,strand
design_63,11,1,N,1,False,6.0,2.989316207590753,1,True,1.0,strand
design_63,11,2,N,2,False,6.0,4.220915984087884,2,True,2.0,strand
design_63,11,3,N,3,False,6.0,6.785524462160434,3,True,3.0,strand
design_63,11,4,N,4,False,6.0,8.089080893558366,4,True,4.0,strand
design_63,11,5,N,5,False,6.0,8.862108060442111,5,True,5.0,coil
design_63,11,6,N,6,False,6.0,11.310375882349401,6,False,,coil
design_63,11,7,N,7,True,6.0,8.578624360990279,7,False,,coil
design_63,11,8,C,4,False,6.0,7.754645280619539,17,True,10.0,coil
design_63,11,9,C,3,False,6.0,4.636093735328237,18,True,11.0,strand
design_63,11,10,C,2,False,6.0,4.003976220597682,19,True,12.0,strand
design_63,11,11,C,1,False,6.0,2.517215245710051,20,True,13.0,strand
design_7,13,1,N,1,False,7.0,2.927711440095047,1,True,1.0,strand
design_7,13,2,N,2,False,7.0,4.221316466297822,2,True,2.0,strand
design_7,13,3,N,3,False,7.0,6.622804500226307,3,True,3.0,strand
design_7,13,4,N,4,False,7.0,7.953000975804797,4,True,4.0,strand
design_7,13,5,N,5,False,7.0,9.01030770943467,5,True,5.0,strand
design_7,13,6,N,6,False,7.0,10.325198637103524,6,True,6.0,strand
design_7,13,7,N,7,False,7.0,11.012418489876948,7,True,7.0,coil
design_7,13,8,N,8,True,7.0,9.966682058696454,8,False,,coil
design_7,13,9,C,5,False,7.0,7.250451395805923,16,False,,coil
design_7,13,10,C,4,False,7.0,7.4025918561962785,17,True,10.0,strand
design_7,13,11,C,3,False,7.0,4.656078085470451,18,True,11.0,strand
design_7,13,12,C,2,False,7.0,4.1259851349108665,19,True,12.0,strand
design_7,13,13,C,1,False,7.0,2.4113544168849774,20,True,13.0,strand
design_8,13,1,N,1,False,7.0,2.903595599146968,1,True,1.0,strand
design_8,13,2,N,2,False,7.0,4.2462067996599595,2,True,2.0,strand
design_8,13,3,N,3,False,7.0,6.774816126421083,3,True,3.0,strand
design_8,13,4,N,4,False,7.0,8.132147486166675,4,True,4.0,strand
design_8,13,5,N,5,False,7.0,8.98148286842861,5,True,5.0,strand
design_8,13,6,N,6,False,7.0,10.248634059308129,6,False,,strand
design_8,13,7,N,7,False,7.0,10.550949537542602,7,True,7.0,coil
design_8,13,8,N,8,True,7.0,9.047740579812027,8,False,,coil
design_8,13,9,C,5,False,7.0,7.212902947607718,16,False,,coil
design_8,13,10,C,4,False,7.0,7.669760930026885,17,True,10.0,strand
design_8,13,11,C,3,False,7.0,4.83829493029334,18,True,11.0,strand
design_8,13,12,C,2,False,7.0,4.155588427563774,19,True,12.0,strand
design_8,13,13,C,1,False,7.0,2.3918550997228807,20,True,13.0,strand
design_9,20,1,N,1,False,10.5,2.928728260934397,1,True,1.0,strand
design_9,20,2,N,2,False,10.5,4.150887827772935,2,True,2.0,strand
design_9,20,3,N,3,False,10.5,6.697691482957221,3,True,3.0,strand
design_9,20,4,N,4,False,10.5,8.095300391207669,4,True,4.0,strand
design_9,20,5,N,5,False,10.5,9.010739172494995,5,True,5.0,strand
design_9,20,6,N,6,False,10.5,10.080704799261222,6,True,6.0,strand
design_9,20,7,N,7,False,10.5,9.380410199225791,7,True,6.0,coil
design_9,20,8,N,8,False,10.5,12.58061183752843,8,False,,coil
design_9,20,9,N,9,False,10.5,12.390713536808759,9,False,,coil
design_9,20,10,N,10,False,10.5,14.896986984459927,10,False,,coil
design_9,20,11,N,11,True,10.5,17.84815669182256,11,False,,coil
design_9,20,12,C,9,False,10.5,16.83251586773446,12,False,,coil
design_9,20,13,C,8,False,10.5,13.503864247731947,13,False,,coil
design_9,20,14,C,7,False,10.5,12.753585889158249,14,False,,coil
design_9,20,15,C,6,False,10.5,10.764072317643208,15,False,,coil
design_9,20,16,C,5,False,10.5,7.680928746921957,16,False,,coil
design_9,20,17,C,4,False,10.5,7.788896370520875,17,True,10.0,strand
design_9,20,18,C,3,False,10.5,4.7511596969990375,18,True,11.0,strand
design_9,20,19,C,2,False,10.5,4.084672178134488,19,True,12.0,strand
design_9,20,20,C,1,False,10.5,2.448720129771816,20,True,13.0,strand
wild-type,13,1,N,1,False,7.0,2.8551390100621625,1,,,strand
wild-type,13,2,N,2,False,7.0,4.212605664067433,2,,,strand
wild-type,13,3,N,3,False,7.0,6.653826183866417,3,,,strand
wild-type,13,4,N,4,False,7.0,8.099223085001546,4,,,strand
wild-type,13,5,N,5,False,7.0,7.954178208812246,5,,,strand
wild-type,13,6,N,6,False,7.0,9.04478286638864,6,,,coil
wild-type,13,7,N,7,False,7.0,12.170524047146506,7,,,coil
wild-type,13,8,N,8,True,7.0,11.464894775882073,8,,,coil
wild-type,13,9,C,5,False,7.0,10.26889852171253,16,,,coil
wild-type,13,10,C,4,False,7.0,7.863837720920731,17,,,coil
wild-type,13,11,C,3,False,7.0,4.724141522767738,18,,,strand
wild-type,13,12,C,2,False,7.0,3.9537704524560455,19,,,strand
wild-type,13,13,C,1,False,7.0,2.436559819325339,20,,,strand
