design,region_length,design_position,dist,matched,wt_position
design_0,17,1,0.5073888321926621,True,1.0
design_0,17,2,0.26247161722877865,True,2.0
design_0,17,3,0.15356094583268873,True,3.0
design_0,17,4,0.1777993586637372,True,4.0
design_0,17,5,0.9172389006177389,True,5.0
design_0,17,6,2.077276011528771,True,6.0
design_0,17,7,3.6429880248447972,False,
design_0,17,8,5.418633694226561,False,
design_0,17,9,7.7154945331282505,False,
design_0,17,10,10.401546714391959,False,
design_0,17,11,8.672373796874005,False,
design_0,17,12,5.3605908641762205,False,
design_0,17,13,4.1677712820000865,False,
design_0,17,14,0.7805709199075097,True,10.0
design_0,17,15,0.40076534781371026,True,11.0
design_0,17,16,0.21650052676232973,True,12.0
design_0,17,17,0.14153761806645243,True,13.0
design_1,17,1,0.4230766115237771,True,1.0
design_1,17,2,0.18637522363437187,True,2.0
design_1,17,3,0.18332444787657828,True,3.0
design_1,17,4,0.3006788800510845,True,4.0
design_1,17,5,0.6980289320653407,True,5.0
design_1,17,6,1.768404914495326,True,6.0
design_1,17,7,3.5354593415341804,False,
design_1,17,8,5.1807075758420345,False,
design_1,17,9,6.934413347177947,False,
design_1,17,10,9.604163384521556,False,
design_1,17,11,7.821842341092538,False,
design_1,17,12,4.3933734044678046,False,
design_1,17,13,4.1475644521868045,False,
design_1,17,14,1.1611456521280326,True,10.0
design_1,17,15,0.49524240983938533,True,11.0
design_1,17,16,0.223236008262674,True,12.0
design_1,17,17,0.1786033556678126,True,13.0
design_10,14,1,0.42751585573206907,True,1.0
design_10,14,2,0.29060295198773217,True,2.0
design_10,14,3,0.26009061422513374,True,3.0
design_10,14,4,0.37845726062106283,True,4.0
design_10,14,5,1.0617050212382524,True,5.0
design_10,14,6,2.408562731791302,True,6.0
design_10,14,7,2.141999943193191,True,6.0
design_10,14,8,4.735907306414105,False,
design_10,14,9,6.013814270052618,False,
design_10,14,10,4.753907311311729,False,
design_10,14,11,1.637807259284007,True,10.0
design_10,14,12,0.5500122703019182,True,11.0
design_10,14,13,0.07637697635412447,True,12.0
design_10,14,14,0.06526180229282216,True,13.0
design_11,18,1,0.2425752195616724,True,1.0
design_11,18,2,0.2840185348476718,True,2.0
design_11,18,3,0.14215769739880954,True,3.0
design_11,18,4,0.22212562085010598,True,4.0
design_11,18,5,1.0134747263791681,True,5.0
design_11,18,6,2.3572397065665225,True,6.0
design_11,18,7,2.3089565105220538,True,6.0
design_11,18,8,4.2945745927715056,False,
design_11,18,9,6.5869764247084115,False,
design_11,18,10,9.476299967379228,False,
design_11,18,11,10.965863401010983,False,
design_11,18,12,8.227922960110792,False,
design_11,18,13,4.468121726494956,False,
design_11,18,14,4.631446349051792,False,
design_11,18,15,1.458778250800385,True,10.0
design_11,18,16,0.40825542247066393,True,11.0
design_11,18,17,0.1022737631954774,True,12.0
design_11,18,18,0.12297910152179733,True,13.0
design_12,20,1,0.11739522046604994,True,1.0
design_12,20,2,0.18741159825275308,True,2.0
design_12,20,3,0.34925474238503396,True,3.0
design_12,20,4,0.5665845432083705,True,4.0
design_12,20,5,1.4708744606555457,True,5.0
design_12,20,6,2.331283651084548,True,9.0
design_12,20,7,2.623717030324257,False,
design_12,20,8,4.062304566234562,False,
design_12,20,9,7.546438050096379,False,
design_12,20,10,10.420144146404091,False,
design_12,20,11,13.105878991017372,False,
design_12,20,12,11.813064439537753,False,
design_12,20,13,10.279246972885893,False,
design_12,20,14,7.156501017183351,False,
design_12,20,15,3.467655495371381,False,
design_12,20,16,4.004791372688332,False,
design_12,20,17,0.555622531362824,True,10.0
design_12,20,18,0.431880580066811,True,11.0
design_12,20,19,0.21775088459188544,True,12.0
design_12,20,20,0.10901533859809412,True,13.0
design_13,11,1,0.3358629337485248,True,1.0
design_13,11,2,0.1149992988584436,True,2.0
design_13,11,3,0.18585418578267554,True,3.0
design_13,11,4,0.38840792237719507,True,4.0
design_13,11,5,1.0532574269649213,True,5.0
design_13,11,6,2.788170222234859,False,
design_13,11,7,3.214571578090074,False,
design_13,11,8,1.047117322736191,True,10.0
design_13,11,9,0.5756239223505184,True,11.0
design_13,11,10,0.4514532298413404,True,12.0
design_13,11,11,0.14994670683000635,True,13.0
design_14,15,1,0.5206884521951625,True,1.0
design_14,15,2,0.17203518687247318,True,2.0
design_14,15,3,0.06488016660157189,True,3.0
design_14,15,4,0.13304471199212026,True,4.0
design_14,15,5,1.370561660172876,True,5.0
design_14,15,6,2.419244371759927,True,6.0
design_14,15,7,3.2647073690328914,False,
design_14,15,8,5.088362473126111,False,
design_14,15,9,7.271028359727766,False,
design_14,15,10,3.935429510594456,False,
design_14,15,11,4.412191487431506,False,
design_14,15,12,0.8825846135843693,True,10.0
design_14,15,13,0.5078208445027381,True,11.0
design_14,15,14,0.31520040228886725,True,12.0
design_14,15,15,0.18271517604785084,True,13.0
design_15,16,1,0.4743847778170448,True,1.0
design_15,16,2,0.16584447199855654,True,2.0
design_15,16,3,0.15202005218893672,True,3.0
design_15,16,4,0.37664765974452646,True,4.0
design_15,16,5,1.5880801330477718,True,5.0
design_15,16,6,2.653824524050717,False,
design_15,16,7,3.081845236712484,False,
design_15,16,8,3.334062310341443,False,
design_15,16,9,6.5725204441524285,False,
design_15,16,10,7.250484849707923,False,
design_15,16,11,3.9043692944983825,False,
design_15,16,12,4.412496874959611,False,
design_15,16,13,0.8057262566217586,True,10.0
design_15,16,14,0.13800206815022828,True,11.0
design_15,16,15,0.1763697546061194,True,12.0
design_15,16,16,0.13516568974164564,True,13.0
design_16,14,1,0.46809940560013785,True,1.0
design_16,14,2,0.1871196624556,True,2.0
design_16,14,3,0.3305556568221511,True,3.0
design_16,14,4,0.2945345612981893,True,4.0
design_16,14,5,0.9942777239744275,True,5.0
design_16,14,6,1.9270558272808826,True,6.0
design_16,14,7,2.8892890598556042,False,
design_16,14,8,5.044060739659951,False,
design_16,14,9,5.076858452312584,False,
design_16,14,10,5.134316358372492,False,
design_16,14,11,2.072520118635622,True,10.0
design_16,14,12,0.5205686622708482,True,11.0
design_16,14,13,0.2074192057255012,True,12.0
design_16,14,14,0.0927574011631331,True,13.0
design_17,14,1,0.45828742533102934,True,1.0
design_17,14,2,0.21372544528127424,True,2.0
design_17,14,3,0.5704291279119752,True,3.0
design_17,14,4,0.5359220769111328,True,4.0
design_17,14,5,0.9993516694137577,True,5.0
design_17,14,6,2.0523740339895182,True,6.0
design_17,14,7,2.454645259033231,True,6.0
design_17,14,8,4.791139797222648,False,
design_17,14,9,5.0783524419896215,False,
design_17,14,10,5.0847436105185,False,
design_17,14,11,2.1000936466256217,True,10.0
design_17,14,12,0.8189207274656798,True,11.0
design_17,14,13,0.3490827473318537,True,12.0
design_17,14,14,0.17558598137613718,True,13.0
design_18,10,1,0.20413260859535445,True,1.0
design_18,10,2,0.11559926033763174,True,2.0
design_18,10,3,0.40019509651273366,True,3.0
design_18,10,4,0.3676248657130494,True,4.0
design_18,10,5,1.4153213980287933,True,5.0
design_18,10,6,2.383509659487991,True,6.0
design_18,10,7,1.8672348111292527,True,10.0
design_18,10,8,0.5219216081559171,True,11.0
design_18,10,9,0.42539895739217004,True,12.0
design_18,10,10,0.07485479338471887,True,13.0
design_19,11,1,0.3921534555747955,True,1.0
design_19,11,2,0.33226965686899307,True,2.0
design_19,11,3,0.1384825720660201,True,3.0
design_19,11,4,0.8312679020624276,True,4.0
design_19,11,5,0.9783644823139972,True,5.0
design_19,11,6,0.955118835373168,True,6.0
design_19,11,7,3.558312229383148,False,
design_19,11,8,0.9162424666070503,True,10.0
design_19,11,9,0.7285041171059151,True,11.0
design_19,11,10,0.46812607741248424,True,12.0
design_19,11,11,0.28022400059002556,True,13.0
design_2,10,1,0.48289367705628444,True,1.0
design_2,10,2,0.2214860490906878,True,2.0
design_2,10,3,0.2394240873194545,True,3.0
design_2,10,4,0.8418053907710277,True,4.0
design_2,10,5,0.901538257373176,True,5.0
design_2,10,6,1.548309423830136,True,6.0
design_2,10,7,3.3670609846032304,False,
design_2,10,8,0.985988806030792,True,11.0
design_2,10,9,0.46736397722027373,True,12.0
design_2,10,10,0.18496879375826894,True,13.0
design_20,12,1,0.3960114948793555,True,1.0
design_20,12,2,0.21279468247640565,True,2.0
design_20,12,3,0.289831806866268,True,3.0
design_20,12,4,0.30327640680837903,True,4.0
design_20,12,5,0.9134884484888982,True,5.0
design_20,12,6,2.392147353034597,True,6.0
design_20,12,7,2.910121866146335,False,
design_20,12,8,3.0191795120487543,False,
design_20,12,9,3.584695172997904,False,
design_20,12,10,1.2653442776163237,True,11.0
design_20,12,11,0.6356487538590049,True,12.0
design_20,12,12,0.35476203085733526,True,13.0
design_21,19,1,0.21281411977672315,True,1.0
design_21,19,2,0.1787525925135947,True,2.0
design_21,19,3,0.2939344252971939,True,3.0
design_21,19,4,0.5356938645677566,True,4.0
design_21,19,5,1.384123641825668,True,5.0
design_21,19,6,2.5500329181682746,False,
design_21,19,7,2.5872026112556554,False,
design_21,19,8,3.764159948717586,False,
design_21,19,9,7.403802055480869,False,
design_21,19,10,10.483050122232962,False,
design_21,19,11,11.909301697931728,False,
design_21,19,12,9.270475447950588,False,
design_21,19,13,7.296298770405361,False,
design_21,19,14,3.650181788302442,False,
design_21,19,15,4.2478063818959315,False,
design_21,19,16,0.8083858205118271,True,10.0
design_21,19,17,0.4444527475283175,True,11.0
design_21,19,18,0.15997553704770445,True,12.0
design_21,19,19,0.1318243091600916,True,13.0
design_22,12,1,0.3079738422142991,True,1.0
design_22,12,2,0.05242397659287661,True,2.0
design_22,12,3,0.2662929399683644,True,3.0
design_22,12,4,0.2718845390338927,True,4.0
design_22,12,5,1.1928394414246046,True,5.0
design_22,12,6,2.467064540289511,True,9.0
design_22,12,7,1.5203097110681487,True,7.0
design_22,12,8,4.163493299800315,False,
design_22,12,9,0.6724536786286466,True,10.0
design_22,12,10,0.35314660171310125,True,11.0
design_22,12,11,0.30200921769908634,True,12.0
design_22,12,12,0.3322520505421928,True,13.0
design_23,13,1,0.09851992910067586,True,1.0
design_23,13,2,0.2931578614124732,True,2.0
design_23,13,3,0.11265467297687518,True,3.0
design_23,13,4,0.28727263450697405,True,4.0
design_23,13,5,0.9614584354604474,True,5.0
design_23,13,6,2.780376495538725,False,
design_23,13,7,2.183284942254068,True,6.0
design_23,13,8,5.419557323069824,False,
design_23,13,9,4.502201730410259,False,
design_23,13,10,0.852893098354581,True,10.0
design_23,13,11,0.5112413486133851,True,11.0
design_23,13,12,0.6061479258434839,True,12.0
design_23,13,13,0.29481671808045556,True,13.0
design_24,20,1,0.3707081693233216,True,1.0
design_24,20,2,0.15636277329218526,True,2.0
design_24,20,3,0.21431503896205217,True,3.0
design_24,20,4,0.31979769453910983,True,4.0
design_24,20,5,1.3816224832787558,True,5.0
design_24,20,6,2.7403483014505787,False,
design_24,20,7,2.8379439801478017,False,
design_24,20,8,4.189433125373158,False,
design_24,20,9,7.894274852554786,False,
design_24,20,10,9.854966954563466,False,
design_24,20,11,13.002327657970023,False,
design_24,20,12,12.25466666677824,False,
design_24,20,13,9.617938954275145,False,
design_24,20,14,7.524891943200409,False,
design_24,20,15,3.8922685824402343,False,
design_24,20,16,4.27003415561124,False,
design_24,20,17,0.8223525572070732,True,10.0
design_24,20,18,0.49517094950552265,True,11.0
design_24,20,19,0.29406631606027134,True,12.0
design_24,20,20,0.08821549672716773,True,13.0
design_25,17,1,0.3572638256277997,True,1.0
design_25,17,2,0.19084279152641564,True,2.0
design_25,17,3,0.444480094080718,True,3.0
design_25,17,4,0.3757954210141405,True,4.0
design_25,17,5,1.3723075770936248,True,5.0
design_25,17,6,2.3387378640440954,True,6.0
design_25,17,7,3.7561247850853423,False,
design_25,17,8,4.951776945835896,False,
design_25,17,9,7.521141119518927,False,
design_25,17,10,7.0356793051916835,False,
design_25,17,11,7.310062769041228,False,
design_25,17,12,7.566181110554452,False,
design_25,17,13,4.2436929891659085,False,
design_25,17,14,0.878113075314433,True,10.0
design_25,17,15,0.931384625646212,True,11.0
design_25,17,16,0.7232685807422746,True,12.0
design_25,17,17,0.07912380860206371,True,13.0
design_26,19,1,0.1310065426188696,True,1.0
design_26,19,2,0.3041326787529291,True,2.0
design_26,19,3,0.23952071425838503,True,3.0
design_26,19,4,0.4405728198842593,True,4.0
design_26,19,5,0.8721734100900628,True,5.0
design_26,19,6,2.2188648665308883,True,6.0
design_26,19,7,2.702137977217158,False,
design_26,19,8,3.739778307817237,False,
design_26,19,9,7.171471797941493,False,
design_26,19,10,10.544233194504464,False,
design_26,19,11,11.499509408601275,False,
design_26,19,12,9.429524349480054,False,
design_26,19,13,6.771315427653071,False,
design_26,19,14,3.28452617830397,False,
design_26,19,15,4.360539708207173,False,
design_26,19,16,1.5558806250437835,True,10.0
design_26,19,17,0.4201537580677476,True,11.0
design_26,19,18,0.054007589241622384,True,12.0
design_26,19,19,0.0655370282189417,True,13.0
design_27,10,1,0.16304227920264358,True,1.0
design_27,10,2,0.08819647057301083,True,2.0
design_27,10,3,0.14544659026127615,True,3.0
design_27,10,4,0.6769283470544724,True,4.0
design_27,10,5,0.6754262341656909,True,5.0
design_27,10,6,0.15620694156966686,True,6.0
design_27,10,7,3.5424232775546853,False,
design_27,10,8,0.9077923939393807,True,11.0
design_27,10,9,0.593199973929677,True,12.0
design_27,10,10,0.10126356626349847,True,13.0
design_28,12,1,0.4132368620858146,True,1.0
design_28,12,2,0.30458738127020585,True,2.0
design_28,12,3,0.08862977324189888,True,3.0
design_28,12,4,0.20990827233054324,True,4.0
design_28,12,5,0.9815395397734611,True,5.0
design_28,12,6,2.107091889977318,True,9.0
design_28,12,7,1.014120890661963,True,7.0
design_28,12,8,2.662316295313205,False,
design_28,12,9,2.4264865243762532,True,10.0
design_28,12,10,0.6218451093346249,True,11.0
design_28,12,11,0.5757929923053208,True,12.0
design_28,12,12,0.27370864626416636,True,13.0
design_29,16,1,0.5381659522432443,True,1.0
design_29,16,2,0.12914749932649067,True,2.0
design_29,16,3,0.05271528788785173,True,3.0
design_29,16,4,0.19681705917115364,True,4.0
design_29,16,5,1.448655303192584,True,5.0
design_29,16,6,2.522026587390855,False,
design_29,16,7,3.5732498072015155,False,
design_29,16,8,4.813669657980068,False,
design_29,16,9,7.910882727658179,False,
design_29,16,10,7.770318233645982,False,
design_29,16,11,4.290759053179239,False,
design_29,16,12,4.041410904456125,False,
design_29,16,13,0.6474725203004934,True,10.0
design_29,16,14,0.3983644408382454,True,11.0
design_29,16,15,0.20102242633103887,True,12.0
design_29,16,16,0.13763704494456497,True,13.0
design_3,15,1,0.1655238815943062,True,1.0
design_3,15,2,0.060971869915277734,True,2.0
design_3,15,3,0.2158015991898054,True,3.0
design_3,15,4,0.06252210892756646,True,4.0
design_3,15,5,1.581776133049496,True,5.0
design_3,15,6,2.7016001996880004,False,
design_3,15,7,3.1580042524357888,False,
design_3,15,8,4.90266418065965,False,
design_3,15,9,6.93469650432384,False,
design_3,15,10,3.735115401841678,False,
design_3,15,11,4.266340844276177,False,
design_3,15,12,0.653771551180275,True,10.0
design_3,15,13,0.30851665171729076,True,11.0
design_3,15,14,0.21345139007919345,True,12.0
design_3,15,15,0.13393281526861958,True,13.0
design_30,14,1,0.34417827848697125,True,1.0
design_30,14,2,0.20120954044894598,True,2.0
design_30,14,3,0.07933979579012393,True,3.0
design_30,14,4,0.19509170558339872,True,4.0
design_30,14,5,1.2040970565365867,True,5.0
design_30,14,6,2.5535609660528453,False,
design_30,14,7,2.938901021273089,False,
design_30,14,8,5.2874922973443335,False,
design_30,14,9,4.061213216007526,False,
design_30,14,10,4.294756206641155,False,
design_30,14,11,0.7859759415390309,True,10.0
design_30,14,12,0.5367897493388888,True,11.0
design_30,14,13,0.18955131569157163,True,12.0
design_30,14,14,0.154613832109167,True,13.0
design_31,16,1,0.4524833963222038,True,1.0
design_31,16,2,0.22284099135797653,True,2.0
design_31,16,3,0.24027764280095984,True,3.0
design_31,16,4,0.24407213325942956,True,4.0
design_31,16,5,1.2083218648982195,True,5.0
design_31,16,6,2.2756186406100407,True,6.0
design_31,16,7,3.399420531511216,False,
design_31,16,8,5.082007437611235,False,
design_31,16,9,7.946645397872564,False,
design_31,16,10,8.237006653940115,False,
design_31,16,11,7.071225602414605,False,
design_31,16,12,4.400178436068565,False,
design_31,16,13,1.7636323123967157,True,10.0
design_31,16,14,0.7209738230214489,True,11.0
design_31,16,15,0.3155388333181518,True,12.0
design_31,16,16,0.16866212823868754,True,13.0
design_32,12,1,0.5770101278534014,True,1.0
design_32,12,2,0.23734936378223098,True,2.0
design_32,12,3,0.31670188691445056,True,3.0
design_32,12,4,0.13474233330446111,True,4.0
design_32,12,5,0.6651112455835373,True,5.0
design_32,12,6,2.6253245183176768,False,
design_32,12,7,2.076980573679638,True,6.0
design_32,12,8,2.7638231958235466,False,
design_32,12,9,0.47435913054817563,True,10.0
design_32,12,10,0.49092992308487104,True,11.0
design_32,12,11,0.5433226384149564,True,12.0
design_32,12,12,0.11704787170419478,True,13.0
design_33,17,1,0.29399909488932285,True,1.0
design_33,17,2,0.1129321405592567,True,2.0
design_33,17,3,0.22012341771915844,True,3.0
design_33,17,4,0.3519776561436545,True,4.0
design_33,17,5,0.5095448851041562,True,5.0
design_33,17,6,1.3684346855271536,True,6.0
design_33,17,7,2.933006519769833,False,
design_33,17,8,6.237951371700555,False,
design_33,17,9,7.618404138870798,False,
design_33,17,10,10.713721539017751,False,
design_33,17,11,9.237375686150196,False,
design_33,17,12,7.267825560993141,False,
design_33,17,13,4.230432535278269,False,
design_33,17,14,0.674190632584652,True,10.0
design_33,17,15,0.7799554031577407,True,11.0
design_33,17,16,0.7832341735912539,True,12.0
design_33,17,17,0.22350761603713332,True,13.0
design_34,15,1,0.23288869455383057,True,1.0
design_34,15,2,0.05966380288590887,True,2.0
design_34,15,3,0.35403135564619376,True,3.0
design_34,15,4,0.06431425552511859,True,4.0
design_34,15,5,0.4276844530577686,True,5.0
design_34,15,6,0.9246139299873648,True,6.0
design_34,15,7,2.368422315796587,True,8.0
design_34,15,8,5.466439419056574,False,
design_34,15,9,7.535791897523298,False,
design_34,15,10,7.327022359073642,False,
design_34,15,11,4.105888949059655,False,
design_34,15,12,0.5755967209319339,True,10.0
design_34,15,13,0.732316890655396,True,11.0
design_34,15,14,0.741923856280148,True,12.0
design_34,15,15,0.10723335732267754,True,13.0
design_35,12,1,0.207785709824976,True,1.0
design_35,12,2,0.485652907205203,True,2.0
design_35,12,3,0.2070413486436913,True,3.0
design_35,12,4,0.2640766817978844,True,4.0
design_35,12,5,0.8388436370872074,True,5.0
design_35,12,6,2.746488375888142,False,
design_35,12,7,0.7989256041625991,True,7.0
design_35,12,8,2.6097607783778822,False,
design_35,12,9,2.220624584310198,True,10.0
design_35,12,10,0.6765571254516664,True,11.0
design_35,12,11,0.5333864816191243,True,12.0
design_35,12,12,0.21497270028766333,True,13.0
design_36,16,1,0.3361962532266432,True,1.0
design_36,16,2,0.13900467904357602,True,2.0
design_36,16,3,0.3438071683269069,True,3.0
design_36,16,4,0.49673124287272163,True,4.0
design_36,16,5,1.9954035507237646,True,5.0
design_36,16,6,2.5314101529208615,False,
design_36,16,7,2.825313371182465,False,
design_36,16,8,2.9666553773113815,False,
design_36,16,9,6.313425365186424,False,
design_36,16,10,7.0276792795829035,False,
design_36,16,11,3.5568871109778244,False,
design_36,16,12,4.276668404536431,False,
design_36,16,13,0.7292399937179307,True,10.0
design_36,16,14,0.4735859649625263,True,11.0
design_36,16,15,0.25550837575293445,True,12.0
design_36,16,16,0.05847594195235176,True,13.0
design_37,13,1,0.41736143273705417,True,1.0
design_37,13,2,0.2649030857270312,True,2.0
design_37,13,3,0.43803606338549483,True,3.0
design_37,13,4,0.6333691187384588,True,4.0
design_37,13,5,1.3082412969989516,True,5.0
design_37,13,6,2.5088865132192706,False,
design_37,13,7,2.305535423886962,True,6.0
design_37,13,8,4.831697044997202,False,
design_37,13,9,4.640225677439752,False,
design_37,13,10,1.2147160251592226,True,10.0
design_37,13,11,0.4801430517727001,True,11.0
design_37,13,12,0.1065868295167914,True,12.0
design_37,13,13,0.14323967525402076,True,13.0
design_38,13,1,0.28013978865763295,True,1.0
design_38,13,2,0.1387492127881485,True,2.0
design_38,13,3,0.15387261983520528,True,3.0
design_38,13,4,0.22448427689394657,True,4.0
design_38,13,5,0.7364272321658849,True,5.0
design_38,13,6,1.9065911275351515,True,6.0
design_38,13,7,2.9454868752052965,False,
design_38,13,8,4.763836303167596,False,
design_38,13,9,5.0956343102632555,False,
design_38,13,10,2.119452237903607,True,10.0
design_38,13,11,0.5485119490666202,True,11.0
design_38,13,12,0.34186709069426535,True,12.0
design_38,13,13,0.23967821483376833,True,13.0
design_39,16,1,0.45922161630861635,True,1.0
design_39,16,2,0.19604034353748237,True,2.0
design_39,16,3,0.16610245347712096,True,3.0
design_39,16,4,0.4159448610487872,True,4.0
design_39,16,5,0.7055962263836296,True,5.0
design_39,16,6,1.7832223426884375,True,6.0
design_39,16,7,2.347814565018135,True,8.0
design_39,16,8,5.72156535167993,False,
design_39,16,9,7.762297548382095,False,
design_39,16,10,9.12857928620337,False,
design_39,16,11,6.885939223995781,False,
design_39,16,12,4.101627601674451,False,
design_39,16,13,0.6341019301473462,True,10.0
design_39,16,14,0.6970734327085406,True,11.0
design_39,16,15,0.6634856796702616,True,12.0
design_39,16,16,0.3304276643450428,True,13.0
design_4,14,1,0.08872035698196687,True,1.0
design_4,14,2,0.2956742687077496,True,2.0
design_4,14,3,0.2533055192980897,True,3.0
design_4,14,4,0.38575128057543406,True,4.0
design_4,14,5,1.1331963060949783,True,5.0
design_4,14,6,2.203848770166291,True,6.0
design_4,14,7,2.6638678351401017,False,
design_4,14,8,4.880435435804623,False,
design_4,14,9,5.0071852482992885,False,
design_4,14,10,4.824841875687367,False,
design_4,14,11,1.6038240639545749,True,10.0
design_4,14,12,0.6428615178710751,True,11.0
design_4,14,13,0.23756106062592264,True,12.0
design_4,14,14,0.18661130525829528,True,13.0
design_40,15,1,0.45558098329543706,True,1.0
design_40,15,2,0.20779545132912716,True,2.0
design_40,15,3,0.14389916972616834,True,3.0
design_40,15,4,0.1456947306071303,True,4.0
design_40,15,5,1.1397415475017443,True,5.0
design_40,15,6,2.2520868073853677,True,6.0
design_40,15,7,3.2418314661935734,False,
design_40,15,8,5.118500122835909,False,
design_40,15,9,7.40599739034381,False,
design_40,15,10,4.129542284016827,False,
design_40,15,11,4.329158222232002,False,
design_40,15,12,1.010520508118698,True,10.0
design_40,15,13,0.6855940960959793,True,11.0
design_40,15,14,0.35489186109838994,True,12.0
design_40,15,15,0.0819772522106014,True,13.0
design_41,17,1,0.4342446308555359,True,1.0
design_41,17,2,0.2921904667018763,True,2.0
design_41,17,3,0.19574385559881377,True,3.0
design_41,17,4,0.348458626468931,True,4.0
design_41,17,5,1.8373110223059839,True,5.0
design_41,17,6,2.615087995229121,False,
design_41,17,7,4.21717789590986,False,
design_41,17,8,5.120423537439698,False,
design_41,17,9,8.18932396333595,False,
design_41,17,10,6.923878839399527,False,
design_41,17,11,4.571624602038115,False,
design_41,17,12,6.3226819135907935,False,
design_41,17,13,3.6336912799480756,False,
design_41,17,14,0.4777678970990032,True,10.0
design_41,17,15,0.5975118687190719,True,11.0
design_41,17,16,0.2873541770084595,True,12.0
design_41,17,17,0.08596722627599535,True,13.0
design_42,20,1,0.3276995245778627,True,1.0
design_42,20,2,0.2000889711496345,True,2.0
design_42,20,3,0.14594011221789008,True,3.0
design_42,20,4,0.24978899724007486,True,4.0
design_42,20,5,0.7799352922365163,True,5.0
design_42,20,6,2.085408004251062,True,6.0
design_42,20,7,2.756234038674984,False,
design_42,20,8,3.9475531428386113,False,
design_42,20,9,7.1576207073351785,False,
design_42,20,10,10.545435241495863,False,
design_42,20,11,12.43596162016914,False,
design_42,20,12,11.46700519420828,False,
design_42,20,13,9.734282312540014,False,
design_42,20,14,6.4705277002724575,False,
design_42,20,15,3.2135425624100735,False,
design_42,20,16,4.257718611844422,False,
design_42,20,17,1.880383634406649,True,10.0
design_42,20,18,0.56299668910032,True,11.0
design_42,20,19,0.24344726618840565,True,12.0
design_42,20,20,0.1224984096409373,True,13.0
design_43,12,1,0.2262901224757559,True,1.0
design_43,12,2,0.12770495382263222,True,2.0
design_43,12,3,0.1731622615390564,True,3.0
design_43,12,4,0.180179547538083,True,4.0
design_43,12,5,1.2840697760088293,True,5.0
design_43,12,6,2.3401325762763485,True,9.0
design_43,12,7,0.6969710899181909,True,7.0
design_43,12,8,2.9614650410160555,False,
design_43,12,9,1.5231905525938731,True,10.0
design_43,12,10,0.5492019841744944,True,11.0
design_43,12,11,0.4016790127085877,True,12.0
design_43,12,12,0.14117302717426142,True,13.0
design_44,16,1,0.24509504561217274,True,1.0
design_44,16,2,0.35922357552356177,True,2.0
design_44,16,3,0.15497773090699196,True,3.0
design_44,16,4,0.29589048281406144,True,4.0
design_44,16,5,1.430738569555627,True,5.0
design_44,16,6,2.585355841684735,False,
design_44,16,7,3.1882857356675416,False,
design_44,16,8,3.6702816458853142,False,
design_44,16,9,7.013136795482797,False,
design_44,16,10,7.1623585931708025,False,
design_44,16,11,3.751256663629018,False,
design_44,16,12,3.7935334332981396,False,
design_44,16,13,0.43208301725913933,True,10.0
design_44,16,14,0.41270110506807484,True,11.0
design_44,16,15,0.11393065769084698,True,12.0
design_44,16,16,0.0945294119015501,True,13.0
design_45,16,1,0.3741659921990282,True,1.0
design_45,16,2,0.2597548749570157,True,2.0
design_45,16,3,0.2024655733556132,True,3.0
design_45,16,4,0.29182093196117503,True,4.0
design_45,16,5,0.36192447335756445,True,5.0
design_45,16,6,2.052464570740001,True,6.0
design_45,16,7,2.3106509187950452,True,8.0
design_45,16,8,5.625790046825709,False,
design_45,16,9,7.841176513820193,False,
design_45,16,10,8.833287198321583,False,
design_45,16,11,6.25237302579175,False,
design_45,16,12,3.8755062951654975,False,
design_45,16,13,0.4924366366252561,True,10.0
design_45,16,14,0.6542785651115256,True,11.0
design_45,16,15,0.5546774178388092,True,12.0
design_45,16,16,0.3211206358372406,True,13.0
design_46,15,1,0.2948593300821556,True,1.0
design_46,15,2,0.38219539563391597,True,2.0
design_46,15,3,0.24925799883392374,True,3.0
design_46,15,4,0.25260794826059857,True,4.0
design_46,15,5,1.9013652016149185,True,5.0
design_46,15,6,2.808598554086759,False,
design_46,15,7,3.377604945523676,False,
design_46,15,8,5.171667802278588,False,
design_46,15,9,7.27719065983144,False,
design_46,15,10,4.144067411142102,False,
design_46,15,11,4.355897059363437,False,
design_46,15,12,0.8798071374382169,True,10.0
design_46,15,13,0.7710338803191256,True,11.0
design_46,15,14,0.44135839379913705,True,12.0
design_46,15,15,0.22335790312215936,True,13.0
design_47,16,1,0.5925258952578194,True,1.0
design_47,16,2,0.16794062241083668,True,2.0
design_47,16,3,0.0995237860474553,True,3.0
design_47,16,4,0.15623639255831323,True,4.0
design_47,16,5,0.8889061915080083,True,5.0
design_47,16,6,1.853568398151549,True,6.0
design_47,16,7,2.785462140751352,False,
design_47,16,8,3.567120141121042,False,
design_47,16,9,6.339317748695655,False,
design_47,16,10,6.295602005538849,False,
design_47,16,11,3.3624811666584007,False,
design_47,16,12,4.443646331165292,False,
design_47,16,13,2.0511269230742224,True,10.0
design_47,16,14,0.6753685109952203,True,11.0
design_47,16,15,0.4583481672887161,True,12.0
design_47,16,16,0.2283742032183849,True,13.0
design_48,20,1,0.6136392965930243,True,1.0
design_48,20,2,0.15195051142049013,True,2.0
design_48,20,3,0.2800659030788956,True,3.0
design_48,20,4,0.14374740369839148,True,4.0
design_48,20,5,0.7522454644174115,True,5.0
design_48,20,6,2.274711225724012,True,6.0
design_48,20,7,2.8738730836112687,False,
design_48,20,8,4.526302042742937,False,
design_48,20,9,7.757293966881075,False,
design_48,20,10,10.653993838698927,False,
design_48,20,11,13.21074825520612,False,
design_48,20,12,12.09614776688698,False,
design_48,20,13,10.751645598395344,False,
design_48,20,14,7.584833511418948,False,
design_48,20,15,4.070306225739014,False,
design_48,20,16,4.697224768846956,False,
design_48,20,17,1.4222632198158707,True,10.0
design_48,20,18,0.6402677691083117,True,11.0
design_48,20,19,0.27731317572024045,True,12.0
design_48,20,20,0.17336253646024372,True,13.0
design_49,14,1,0.3036546698018496,True,1.0
design_49,14,2,0.2687479404282766,True,2.0
design_49,14,3,0.26287753526345314,True,3.0
design_49,14,4,0.2858519398839701,True,4.0
design_49,14,5,1.3275951846212393,True,5.0
design_49,14,6,2.5761928401681873,False,
design_49,14,7,2.761304748417028,False,
design_49,14,8,5.1363830566804864,False,
design_49,14,9,6.514499314139567,False,
design_49,14,10,4.884743653866576,False,
design_49,14,11,1.663656999214087,True,10.0
design_49,14,12,0.699084043370321,True,11.0
design_49,14,13,0.37959046703037774,True,12.0
design_49,14,14,0.14598029600606946,True,13.0
design_5,14,1,0.2545529783964206,True,1.0
design_5,14,2,0.21647841201933973,True,2.0
design_5,14,3,0.23059234347597904,True,3.0
design_5,14,4,0.38736521718791056,True,4.0
design_5,14,5,1.2625874737072107,True,5.0
design_5,14,6,1.9786501941530708,True,6.0
design_5,14,7,2.2658536220038257,True,6.0
design_5,14,8,4.52495277997435,False,
design_5,14,9,5.362644125077443,False,
design_5,14,10,5.154121721004222,False,
design_5,14,11,1.957347390883321,True,10.0
design_5,14,12,0.36618908349591206,True,11.0
design_5,14,13,0.22334302306429268,True,12.0
design_5,14,14,0.09881244616460194,True,13.0
design_50,10,1,0.3549465499271526,True,1.0
design_50,10,2,0.14157278531703082,True,2.0
design_50,10,3,0.47693838928809823,True,3.0
design_50,10,4,0.4351725364951872,True,4.0
design_50,10,5,0.610039909339236,True,5.0
design_50,10,6,0.6899792142375933,True,6.0
design_50,10,7,3.2312981204851274,False,
design_50,10,8,0.6478129829052919,True,11.0
design_50,10,9,0.22320710922147038,True,12.0
design_50,10,10,0.08833663116723962,True,13.0
design_51,12,1,0.16105355063140153,True,1.0
design_51,12,2,0.3723305878243523,True,2.0
design_51,12,3,0.3067814742757483,True,3.0
design_51,12,4,0.30052322330428827,True,4.0
design_51,12,5,1.4265345908737919,True,5.0
design_51,12,6,1.6238421976006818,True,9.0
design_51,12,7,1.9571653952097239,True,7.0
design_51,12,8,4.248526270356882,False,
design_51,12,9,0.5515387164010277,True,10.0
design_51,12,10,0.2686415267572298,True,11.0
design_51,12,11,0.37072791132094557,True,12.0
design_51,12,12,0.2793825984844621,True,13.0
design_52,12,1,0.3387561957684607,True,1.0
design_52,12,2,0.1627017031565563,True,2.0
design_52,12,3,0.28255441109385016,True,3.0
design_52,12,4,0.34954106394554324,True,4.0
design_52,12,5,1.2500886823945974,True,5.0
design_52,12,6,2.176773786626665,True,9.0
design_52,12,7,1.303999412769309,True,7.0
design_52,12,8,4.010864703628177,False,
design_52,12,9,0.60629746108186,True,10.0
design_52,12,10,0.41878337684031397,True,11.0
design_52,12,11,0.35170501102633617,True,12.0
design_52,12,12,0.15364339093458035,True,13.0
design_53,20,1,0.20098344923511657,True,1.0
design_53,20,2,0.18559937863016385,True,2.0
design_53,20,3,0.19349810134572812,True,3.0
design_53,20,4,0.31478144786790613,True,4.0
design_53,20,5,0.8465796018469122,True,5.0
design_53,20,6,2.447801229641448,True,6.0
design_53,20,7,2.5031308415402242,False,
design_53,20,8,3.812307905521811,False,
design_53,20,9,7.049466461929483,False,
design_53,20,10,10.265381987790528,False,
design_53,20,11,12.655004106391418,False,
design_53,20,12,11.36845467742921,False,
design_53,20,13,9.853105200810818,False,
design_53,20,14,6.47368588083354,False,
design_53,20,15,3.1888553899341914,False,
design_53,20,16,4.374533218929122,False,
design_53,20,17,1.3383516798647865,True,10.0
design_53,20,18,0.5666239604069325,True,11.0
design_53,20,19,0.22640948928634533,True,12.0
design_53,20,20,0.16725808052235566,True,13.0
design_54,18,1,0.39683373568874847,True,1.0
design_54,18,2,0.35904668175494625,True,2.0
design_54,18,3,0.5655396280369795,True,3.0
design_54,18,4,0.6755179388075264,True,4.0
design_54,18,5,1.3474040745250617,True,5.0
design_54,18,6,2.5608863406614724,False,
design_54,18,7,2.432726807577706,True,6.0
design_54,18,8,3.816414507409341,False,
design_54,18,9,7.17330108382854,False,
design_54,18,10,10.434217408231516,False,
design_54,18,11,10.657208857614554,False,
design_54,18,12,7.244958025706592,False,
design_54,18,13,3.641336583201158,False,
design_54,18,14,4.6725080283724365,False,
design_54,18,15,1.2431589743873213,True,10.0
design_54,18,16,0.5143923657317964,True,11.0
design_54,18,17,0.15708035259892322,True,12.0
design_54,18,18,0.12227921119725357,True,13.0
design_55,15,1,0.19685873219697658,True,1.0
design_55,15,2,0.3439040090793733,True,2.0
design_55,15,3,0.18718148740512214,True,3.0
design_55,15,4,0.21111163242821204,True,4.0
design_55,15,5,1.8167506647608274,True,5.0
design_55,15,6,2.817714513034773,False,
design_55,15,7,3.5471195529691473,False,
design_55,15,8,5.3992861634933265,False,
design_55,15,9,7.099151507796181,False,
design_55,15,10,4.27248779475719,False,
design_55,15,11,3.718559701082743,False,
design_55,15,12,0.37863607579125236,True,10.0
design_55,15,13,0.5085755270990203,True,11.0
design_55,15,14,0.3188291254180016,True,12.0
design_55,15,15,0.16383837575357396,True,13.0
design_56,18,1,0.5300539204168639,True,1.0
design_56,18,2,0.1902802555047482,True,2.0
design_56,18,3,0.24242709037888774,True,3.0
design_56,18,4,0.37630055284011044,True,4.0
design_56,18,5,0.9952451348987493,True,5.0
design_56,18,6,2.0685860747277536,True,6.0
design_56,18,7,2.0627876577335416,True,6.0
design_56,18,8,4.508335177479826,False,
design_56,18,9,6.508104627058279,False,
design_56,18,10,9.419194027353003,False,
design_56,18,11,9.885554152066948,False,
design_56,18,12,6.544577168249557,False,
design_56,18,13,3.463666429925822,False,
design_56,18,14,4.681745397317266,False,
design_56,18,15,2.2635767533048146,True,10.0
design_56,18,16,0.646406098400991,True,11.0
design_56,18,17,0.30955849974269706,True,12.0
design_56,18,18,0.19831149420299407,True,13.0
design_57,11,1,0.2839415357962395,True,1.0
design_57,11,2,0.3630125094098156,True,2.0
design_57,11,3,0.1548596048469949,True,3.0
design_57,11,4,0.288521332284676,True,4.0
design_57,11,5,1.4622337506038245,True,5.0
design_57,11,6,2.736272947497163,False,
design_57,11,7,3.5886558753674644,False,
design_57,11,8,0.743580895674692,True,10.0
design_57,11,9,0.5784610884329486,True,11.0
design_57,11,10,0.4379906888843297,True,12.0
design_57,11,11,0.2754463893595529,True,13.0
design_58,15,1,0.39244732015317313,True,1.0
design_58,15,2,0.29919488829035995,True,2.0
design_58,15,3,0.16126068477312303,True,3.0
design_58,15,4,0.3812644066933615,True,4.0
design_58,15,5,1.6952855494083716,True,5.0
design_58,15,6,2.756527787115837,False,
design_58,15,7,3.1054175038203686,False,
design_58,15,8,4.553285122223065,False,
design_58,15,9,6.924331194493851,False,
design_58,15,10,3.993934738750896,False,
design_58,15,11,4.273243788524359,False,
design_58,15,12,0.8181078539673929,True,10.0
design_58,15,13,0.6179239148379895,True,11.0
design_58,15,14,0.3548579591469223,True,12.0
design_58,15,15,0.16249728577253747,True,13.0
design_59,11,1,0.5892306213557371,True,1.0
design_59,11,2,0.13549234799736343,True,2.0
design_59,11,3,0.3445280822278839,True,3.0
design_59,11,4,0.5051884600071943,True,4.0
design_59,11,5,0.93951000722394,True,5.0
design_59,11,6,1.0202953526246041,True,6.0
design_59,11,7,3.195608017774101,False,
design_59,11,8,0.4545307928095217,True,10.0
design_59,11,9,0.6671023236301887,True,11.0
design_59,11,10,0.47162585651629046,True,12.0
design_59,11,11,0.0876941192639174,True,13.0
design_6,15,1,0.24556773727475464,True,1.0
design_6,15,2,0.3531259642912057,True,2.0
design_6,15,3,0.3183618051123675,True,3.0
design_6,15,4,0.4756989410376851,True,4.0
design_6,15,5,1.2430662379126076,True,5.0
design_6,15,6,1.9322855192610218,True,6.0
design_6,15,7,2.027407781207853,True,6.0
design_6,15,8,4.14163754547954,False,
design_6,15,9,4.2916971317902926,False,
design_6,15,10,4.559726814622351,False,
design_6,15,11,4.781248662885959,False,
design_6,15,12,1.6753792549388884,True,10.0
design_6,15,13,0.543889472562586,True,11.0
design_6,15,14,0.115288505495358,True,12.0
design_6,15,15,0.1579902045707889,True,13.0
design_60,15,1,0.1201065628480885,True,1.0
design_60,15,2,0.14521804274336067,True,2.0
design_60,15,3,0.32530359312135754,True,3.0
design_60,15,4,0.4791140918064091,True,4.0
design_60,15,5,1.7346769939263251,True,5.0
design_60,15,6,2.6954549154202696,False,
design_60,15,7,3.354124348608994,False,
design_60,15,8,4.968935137286844,False,
design_60,15,9,7.270986167626529,False,
design_60,15,10,4.166683564584301,False,
design_60,15,11,4.339562773765246,False,
design_60,15,12,0.729747324151093,True,10.0
design_60,15,13,0.20434016372786837,True,11.0
design_60,15,14,0.08756453885124973,True,12.0
design_60,15,15,0.0932843301747013,True,13.0
design_61,19,1,0.2525552741425,True,1.0
design_61,19,2,0.20112042158275806,True,2.0
design_61,19,3,0.13802762952748884,True,3.0
design_61,19,4,0.15988406123869417,True,4.0
design_61,19,5,0.7139886944648084,True,5.0
design_61,19,6,1.7515476390842735,True,6.0
design_61,19,7,2.811786727819749,False,
design_61,19,8,4.258902555462645,False,
design_61,19,9,7.694339577565521,False,
design_61,19,10,10.934167130692739,False,
design_61,19,11,11.967680800024226,False,
design_61,19,12,9.618748940009128,False,
design_61,19,13,7.318751317761901,False,
design_61,19,14,3.8061224241481795,False,
design_61,19,15,4.697824083851359,False,
design_61,19,16,2.294315869434329,True,10.0
design_61,19,17,0.779860352771,True,11.0
design_61,19,18,0.49024991068440815,True,12.0
design_61,19,19,0.09003579677560888,True,13.0
design_62,17,1,0.3283537880078051,True,1.0
design_62,17,2,0.29459810783310253,True,2.0
design_62,17,3,0.14106730081921243,True,3.0
design_62,17,4,0.32934234987437994,True,4.0
design_62,17,5,0.8157514641193776,True,5.0
design_62,17,6,2.0214549166196436,True,6.0
design_62,17,7,2.989996220073415,False,
design_62,17,8,5.240211227045727,False,
design_62,17,9,6.786253609719811,False,
design_62,17,10,9.368031214074767,False,
design_62,17,11,7.631143906671657,False,
design_62,17,12,7.152730842854084,False,
design_62,17,13,3.9532464871278696,False,
design_62,17,14,0.4493570490083097,True,10.0
design_62,17,15,0.6436181608989197,True,11.0
design_62,17,16,0.5941731659772735,True,12.0
design_62,17,17,0.26270369000037985,True,13.0
design_63,11,1,0.3982196486034108,True,1.0
design_63,11,2,0.09354681783966104,True,2.0
design_63,11,3,0.4814750628343272,True,3.0
design_63,11,4,0.5804924450293314,True,4.0
design_63,11,5,1.3664556163216335,True,5.0
design_63,11,6,2.933711586710751,False,
design_63,11,7,3.0116807689464506,False,
design_63,11,8,1.017905033574086,True,10.0
design_63,11,9,0.3467536651982586,True,11.0
design_63,11,10,0.2482022390842785,True,12.0
design_63,11,11,0.0828333438281052,True,13.0
design_7,13,1,0.15797142228045508,True,1.0
design_7,13,2,0.10934148612079193,True,2.0
design_7,13,3,0.22547559379299933,True,3.0
design_7,13,4,0.2868880285005497,True,4.0
design_7,13,5,1.1924994583137443,True,5.0
design_7,13,6,2.3287244532668914,True,6.0
design_7,13,7,2.4985059413892565,True,7.0
design_7,13,8,4.642799625451194,False,
design_7,13,9,5.038552756936428,False,
design_7,13,10,2.0933535033482586,True,10.0
design_7,13,11,0.45840483219754546,True,11.0
design_7,13,12,0.2904260481894622,True,12.0
design_7,13,13,0.3141542328046703,True,13.0
design_8,13,1,0.1642048618364829,True,1.0
design_8,13,2,0.13815721437543943,True,2.0
design_8,13,3,0.11199293938636391,True,3.0
design_8,13,4,0.3570078893457924,True,4.0
design_8,13,5,1.4373559395530406,True,5.0
design_8,13,6,2.570713273829152,False,
design_8,13,7,2.3979958914779145,True,7.0
design_8,13,8,5.2160853652302315,False,
design_8,13,9,4.473498969938523,False,
design_8,13,10,0.8492242675733703,True,10.0
design_8,13,11,0.2259408224873066,True,11.0
design_8,13,12,0.09562230598817578,True,12.0
design_8,13,13,0.24826082341620945,True,13.0
design_9,20,1,0.23821047210512727,True,1.0
design_9,20,2,0.16177683165737788,True,2.0
design_9,20,3,0.25819741307388044,True,3.0
design_9,20,4,0.5252138565866701,True,4.0
design_9,20,5,1.1945852762415912,True,5.0
design_9,20,6,2.0095505743600137,True,6.0
design_9,20,7,2.229058395614222,True,6.0
design_9,20,8,4.448409070566322,False,
design_9,20,9,6.668268239703596,False,
design_9,20,10,9.736535262664432,False,
design_9,20,11,10.189217362032448,False,
design_9,20,12,11.68389364613908,False,
design_9,20,13,9.542592088143296,False,
design_9,20,14,6.094547106909649,False,
design_9,20,15,3.8020697886186756,False,
design_9,20,16,4.3899869858244145,False,
design_9,20,17,1.1660879880473285,True,10.0
design_9,20,18,0.38665961604645405,True,11.0
design_9,20,19,0.06386040118669666,True,12.0
design_9,20,20,0.2037764802480622,True,13.0
