design,dr1_length,dr1_pattern,dr1_strand_residues,dr1_strand_segments,dr2_pattern,dr2_strand_residues
design_2,10,SSSSSCCSSS,8,2,SSCCCC,2
design_18,10,SSSSCCCSSS,7,2,SSCCCC,2
design_27,10,SSSSSCCSSS,8,2,SSCCCC,2
design_50,10,SSSSSCCSSS,8,2,SSCCCC,2
design_19,11,SSSSCCCCSSS,7,2,SSCCCC,2
design_57,11,SSSSCCCCSSS,7,2,SSCCCC,2
design_63,11,SSSSCCCCSSS,7,2,SSCCCC,2
design_13,11,SSSSCCCCSSS,7,2,SSCCCC,2
design_59,11,SSSSCCCCSSS,7,2,SSCCCC,2
design_35,12,SSSSSCCCCSSS,8,2,SSCCCC,2
design_43,12,SSSSCCCCCSSS,7,2,SSCCCC,2
design_52,12,SSSSSCCCCSSS,8,2,SSCCCC,2
design_32,12,SSSSCCCCCSSS,7,2,SSCCCC,2
design_20,12,SSSSSCCCCSSS,8,2,SSSCCC,3
design_28,12,SSSSSCCCCSSS,8,2,SCCCCC,1
design_22,12,SSSSCCCCCSSS,7,2,SSCCCC,2
design_51,12,SSSSSCCCCSSS,8,2,SSCCCC,2
design_38,13,SSSSSSSCSSSSS,12,2,SSCCCC,2
design_37,13,SSSSSSCCCSSSS,10,2,SSCCCC,2
design_23,13,SSSSSSCCCSSSS,10,2,SSSCCC,3
design_7,13,SSSSSSCCCSSSS,10,2,CCCCCC,0
design_8,13,SSSSSSCCCSSSS,10,2,SSCCCC,2
design_49,14,SSSSSSCCCCSSSS,10,2,SSSCCC,3
design_5,14,SSSSSSSCCSSSSS,12,2,SSCCCC,2
design_16,14,SSSSSSSCCSSSSS,12,2,SSCCCC,2
design_30,14,SSSSSSSCCSSSSS,12,2,SSSCCC,3
design_17,14,SSSSSSSCCSSSSS,12,2,SSSCCC,3
design_4,14,SSSSSSSCCSSSSS,12,2,SSCCCC,2
design_10,14,SSSSSSSCCSSSSS,12,2,SSCCCC,2
design_34,15,SSSSCCCCCCCSSSS,8,2,SSCCCC,2
design_14,15,SSSSSSCCCCCSSSS,10,2,SSCCCC,2
design_3,15,SSSSSSCCCCCSSSS,10,2,SSCCCC,2
design_60,15,SSSSSSCCCCCSSSS,10,2,SSCCCC,2
design_6,15,SSSSSSCCCCCSSSS,10,2,SSCCCC,2
design_55,15,SSSSSSCCCCCSSSS,10,2,SSSCCC,3
design_40,15,SSSSSSCCCCCSSSS,10,2,SSSCCC,3
design_46,15,SSSSSSCCCCCSSSS,10,2,SSCCCC,2
design_58,15,SSSSSSCCCCCSSSS,10,2,SSCCCC,2
design_39,16,SSSSCCCCCCCCSSSS,8,2,SSCCCC,2
design_45,16,SSSSCCCCCCCCSSSS,8,2,SSCCCC,2
design_31,16,SSSSSCCCCCCCCSSS,8,2,SSCCCC,2
design_29,16,SSSSSSCCCCCCSSSS,10,2,SSCCCC,2
design_15,16,SSSSSSCCCCCCSSSS,10,2,SSCCCC,2
design_36,16,SSSSSSCCCCCCSSSS,10,2,SSCCCC,2
design_47,16,SSSSSSCCCCCCSSSS,10,2,SSSCCC,3
design_44,16,SSSSSSCCCCCCSSSS,10,2,SSCCCC,2
design_0,17,SSSSSSCCCCCCCSSSS,10,2,SSSCCC,3
design_25,17,SSSSSCCCCCCCCSSSS,9,2,SSCCCC,2
design_62,17,SSSSSCCCCCCCCSSSS,9,2,SSCCCC,2
design_1,17,SSSSSSCCCCCCCSSSS,10,2,SSCCCC,2
design_33,17,SSSSCCCCCCCCCSSSS,8,2,SSCCCC,2
design_41,17,SSSSSSCCCCCCSSSSS,11,2,SSCCCC,2
design_11,18,SSSSSSCCCCCCCCSSSS,10,2,SSCCCC,2
design_54,18,SSSSSSSCCCCCCSSSSS,12,2,SSCCCC,2
design_56,18,SSSSSSSCCCCCCSSSSS,12,2,SSSCCC,3
design_26,19,SSSSSSSSCCCCCSSSSSS,14,2,SSSCCC,3
design_21,19,SSSSSSSSCCCCCSSSSSS,14,2,SSCCCC,2
design_61,19,SSSSSSSSCCCCCSSSSSS,14,2,SSCCCC,2
design_24,20,SSSSSSSSCCCCCCSSSSSS,14,2,SSCCCC,2
design_12,20,SSSSSSSSCCCCCCSSSSSS,14,2,SSCCCC,2
design_48,20,SSSSSSSCCCCCCCCSSSSS,12,2,SSCCCC,2
design_42,20,SSSSSSSSCCCCCCSSSSSS,14,2,SSCCCC,2
design_53,20,SSSSSSSCCCCCCCCSSSSS,12,2,SSCCCC,2
design_9,20,SSSSSSCCCCCCCCCCSSSS,10,2,SSCCCC,2
