design_position,n_designs,n_matched,n_inserted,frac_inserted,median_dist
1,64,64,0,0.0,0.336029593487584
2,64,64,0,0.0,0.19806465734355844
3,64,64,0,0.0,0.22279950575607887
4,64,64,0,0.0,0.317289571203508
5,64,64,0,0.0,1.1661205029077442
6,64,41,23,0.359375,2.335010757564322
7,64,23,41,0.640625,2.8185500495011073
8,64,9,55,0.859375,4.478372124023075
9,64,16,48,0.75,6.5113019705989235
10,64,22,42,0.65625,4.789374593499549
11,60,25,35,0.5833333333333334,4.005129121779019
12,55,29,26,0.4727272727272727,1.010520508118698
13,47,29,18,0.3829787234042553,0.7292399937179307
14,42,30,12,0.2857142857142857,0.5660232311052644
15,35,26,9,0.2571428571428571,0.5546774178388092
16,26,20,6,0.23076923076923078,0.554282765854535
17,18,18,0,0.0,0.36485612890522234
18,12,12,0,0.0,0.4092700980566325
19,9,9,0,0.0,0.21775088459188544
20,6,6,0,0.0,0.14487824508164648
